word	part_of_speech	major	minor
-가02	접사	인간	사람의 종류
-가량	접사	개념	양
-간	접사	개념	시간
-감	접사	인간	감정
-객	접사	인간	사람의 종류
-료	접사	경제생활	경제 수단
-률02	접사	개념	정도
-발02	접사	개념	위치 및 방향
-사01	접사	인간	사람의 종류
-사06	접사	인간	사람의 종류
-심	접사	인간	감정
-원01	접사	인간	사람의 종류
-율02	접사	개념	정도
-자06	접사	인간	사람의 종류
제-	접사	개념	순서
-질	접사	인간	신체 행위
-째02	접사	개념	순서
-학	접사	교육	전공과 교과목
가01	명사	자연	지형
-가06	접사	경제생활	경제 수단
가게	명사	경제생활	경제 행위 장소
가격02	명사	경제생활	경제 수단
가계02	명사	경제생활	경제 행위 주체
가곡	명사	문화	음악
가공01	명사	경제생활	경제 행위
가구02	명사	주생활	생활용품
가까이01/가까이02	부사/명사	개념	위치 및 방향
가깝다	형용사	개념	위치 및 방향
가꾸다	동사	의생활	미용 행위
가끔	부사	개념	빈도
가난	명사	경제생활	경제 상태
가냘프다	형용사	인간	용모
가누다	동사	인간	신체 행위
가느다랗다	형용사	개념	모양
가늘다	형용사	개념	모양
가늠	명사	인간	인지 행위
가능	명사	인간	능력
가능성	명사	인간	능력
가다01	동사	인간	신체 행위
가득	부사	개념	양
가득하다	형용사	개념	양
가득히	부사	개념	양
가렵다	형용사	인간	감각
가로01/가로02	명사/부사	개념	위치 및 방향
가로수	명사	동식물	식물류
가루	명사	개념	모양
가르치다	동사	교육	교수 학습 행위
가르침	명사	교육	교수 학습 행위
가리키다	동사	인간	신체 행위
가만히	부사	인간	태도
가면	명사	의생활	모자, 신발, 장신구
가뭄	명사	자연	재해
가방	명사	의생활	모자, 신발, 장신구
가볍다	형용사	개념	성질
가쁘다	형용사	삶	병과 증상
가사01	명사	주생활	가사 행위
가상	명사	인간	인지 행위
가설03	명사	교육	학문 용어
가속	명사	개념	속도
가속화	명사	개념	속도
가수	명사	사회생활	직업
가스	명사	자연	자원
가스레인지	명사	주생활	생활용품
가슴	명사	인간	신체 부위
가습기	명사	주생활	생활용품
가시01	명사	동식물	식물의 부분
가시01	명사	동식물	동물의 부분
가시다	동사	인간	신체 행위
가야금	명사	문화	음악
가엾다	형용사	인간	감정
가옥	명사	주생활	주거 형태
가요	명사	문화	대중문화
가운데	명사	개념	위치 및 방향
가위01	명사	교육	학습 관련 사물
가을	명사	개념	시간
가장01	부사	개념	순서
가장02	명사	삶	친족 관계
가장자리	명사	개념	위치 및 방향
가전제품	명사	주생활	생활용품
가정02	명사	교육	학문 용어
가정주부	명사	사회생활	직업
가져가다	동사	사회생활	사회 활동
가져오다	동사	사회생활	사회 활동
가족	명사	삶	친족 관계
가죽	명사	동식물	동물의 부분
가지01	명사	동식물	식물의 부분
가지03	의존명사	개념	세는 말
가지런히	부사	개념	모양
가창력	명사	인간	능력
가책	명사	인간	감정
가축	명사	동식물	동물류
가치	명사	인간	인지 행위
가치관	명사	인간	인지 행위
가톨릭	명사	종교	종교 유형
각02	명사	개념	모양
각국	명사	개념	지역
각도	명사	개념	정도
각본	명사	문화	대중문화
각성	명사	인간	인지 행위
각양각색	명사	개념	모양
각오	명사	인간	인지 행위
각지	명사	개념	지역
간01	명사	식생활	맛
간03	명사	인간	신체 부위
간04	의존명사	사회생활	인간관계
간간이	부사	개념	정도
간격	명사	개념	위치 및 방향
간과하다	동사	인간	인지 행위
간담회	명사	사회생활	사회 활동
간밤	명사	개념	시간
간부	명사	사회생활	직위
간식	명사	식생활	음식
간신히	부사	인간	태도
간장01	명사	식생활	식재료
간절하다	형용사	인간	감정
간절히	부사	인간	감정
간주01	명사	인간	인지 행위
간지럽다	형용사	인간	감각
간판	명사	주생활	주택 구성
간호	명사	삶	치료 행위
간호사	명사	사회생활	직업
간혹02/간혹01	부사/명사	개념	빈도
갈대	명사	동식물	식물류
갈등	명사	인간	감정
갈망	명사	인간	인지 행위
갈비	명사	식생활	식재료
갈비탕	명사	식생활	음식
갈색	명사	개념	색깔
갈수록	부사	개념	시간
갈아입다	동사	의생활	의복 착용 행위
갈아타다	동사	사회생활	교통 이용 행위
갈증	명사	인간	감각
감01	명사	식생활	과일
감03	명사	인간	감정
감각	명사	인간	감각
감격	명사	인간	감정
감격스럽다	형용사	인간	감정
감금	명사	정치와 행정	사법 및 치안 행위
감기	명사	삶	병과 증상
감기약	명사	삶	약품류
감다01	동사	인간	신체 행위
감다02	동사	삶	일상 행위
감다03	동사	인간	신체 행위
감다03	동사	인간	신체 행위
감독	명사	사회생활	직업
감독	명사	문화	문화 활동 주체
감동	명사	인간	감정
감동적01∙감동적02	관형사∙명사	인간	감정
감량	명사	인간	신체 변화
감명	명사	인간	감정
감사01	명사	인간	감정
감사03	명사	정치와 행정	정치 및 행정 행위
감상01	명사	인간	감정
감상03	명사	문화	문화 활동
감상문	명사	문화	문학
감성	명사	인간	감정
감성적01∙감성적02	관형사∙명사	인간	감정
감소	명사	개념	양
감수01	명사	사회생활	사회 활동
감수성	명사	인간	감정
감안	명사	인간	인지 행위
감언이설	명사	사회생활	언어 행위
감염	명사	삶	병과 증상
감자01	명사	식생활	채소
감정01	명사	인간	감정
감정적01∙감정적02	관형사∙명사	인간	감정
감지	명사	인간	인지 행위
감촉	명사	인간	감각
감탄	명사	인간	감정
감탄사	명사	사회생활	말
감회	명사	인간	감정
감히	부사	인간	감정
갑갑하다	형용사	인간	감정
값	명사	경제생활	경제 수단
값싸다	형용사	경제생활	경제 상태
값어치	명사	경제생활	경제 상태
값지다	형용사	경제생활	경제 상태
갓02	부사	개념	시간
강	명사	자연	지형
강국	명사	정치와 행정	정치 및 행정 주체
강당	명사	교육	학교 시설
강대국	명사	정치와 행정	정치 및 행정 주체
강도02	명사	개념	정도
강도03	명사	정치와 행정	사법 및 치안 주체
강력00	명사	개념	정도
강력히	부사	인간	태도
강렬하다	형용사	개념	정도
강물	명사	자연	지형
강사02	명사	교육	교수 학습 주체
강산01	명사	자연	지형
강세	명사	개념	정도
강수량	명사	자연	기상 및 기후
강아지	명사	동식물	동물류
강연	명사	사회생활	언어 행위
강우량	명사	자연	기상 및 기후
강의	명사	교육	교수 학습 행위
강의실	명사	교육	학교 시설
강인하다	형용사	인간	체력 상태
강자	명사	인간	사람의 종류
강제적01∙강제적02	관형사∙명사	인간	태도
강직하다	형용사	인간	성격
강풍	명사	자연	기상 및 기후
강하다02	형용사	개념	성질
같다	형용사	개념	모양
갚다	동사	경제생활	경제 행위
개01	명사	동식물	동물류
개03	의존명사	개념	세는 말
개강	명사	교육	교수 학습 행위
개개인	명사	인간	사람의 종류
개구리	명사	동식물	동물류
개그	명사	문화	대중문화
개나리	명사	동식물	식물류
개념	명사	인간	인지 행위
개다01	동사	자연	기상 및 기후
개미	명사	동식물	곤충류
개설	명사	교육	교수 학습 행위
개설	명사	경제생활	경제 행위
개성	명사	인간	성격
개수	명사	개념	수
개신교	명사	종교	종교 유형
개업	명사	경제생활	경제 행위
개요	명사	교육	학문 용어
개운하다	형용사	인간	감각
개월	의존명사	개념	세는 말
개최	명사	사회생활	사회 활동
개표02	명사	정치와 행정	정치 및 행정 행위
객관적01∙객관적02	관형사∙명사	교육	학문 행위
객지	명사	개념	지역
걔	줄어든 말	개념	인칭
거금01	명사	경제생활	경제 수단
거기	대명사	개념	지시
거꾸로	부사	개념	위치 및 방향
거닐다	동사	인간	신체 행위
거대	명사	개념	모양
거동	명사	인간	신체 행위
거들다	동사	사회생활	사회 활동
거듭	부사	개념	빈도
거뜬하다	형용사	인간	능력
거래	명사	경제생활	경제 행위
거론	명사	사회생활	언어 행위
거리01	명사	사회생활	교통 이용 장소
거리03	명사	개념	위치 및 방향
거리낌	명사	인간	태도
거만	명사	인간	태도
거문고	명사	문화	음악
거미	명사	동식물	곤충류
거부02	명사	사회생활	사회 활동
거부감	명사	인간	감정
거북이	명사	동식물	동물류
거북하다	형용사	인간	감각
거스르다01	동사	사회생활	사회 활동
거스름돈	명사	경제생활	경제 수단
거실	명사	주생활	주택 구성
거액	명사	경제생활	경제 수단
거울	명사	주생활	생활용품
거의02/거의01	부사/명사	개념	양
거인	명사	인간	사람의 종류
거절	명사	사회생활	사회 활동
거주	명사	삶	삶의 행위
거짓말	명사	사회생활	언어 행위
거칠다	형용사	개념	성질
거칠다	형용사	개념	성질
거칠다	형용사	인간	태도
거칠다	형용사	개념	성질
거침없이	부사	인간	태도
걱정	명사	인간	감정
걱정거리	명사	인간	인지 행위
걱정스럽다	형용사	인간	감정
건강	명사	인간	체력 상태
건기	명사	자연	기상 및 기후
건너	명사	개념	위치 및 방향
건너가다	동사	사회생활	교통 이용 행위
건너다	동사	사회생활	교통 이용 행위
건너편	명사	사회생활	교통 이용 장소
건널목	명사	사회생활	교통 이용 장소
건네다	동사	사회생활	사회 활동
건네다	동사	사회생활	사회 활동
건네주다	동사	사회생활	사회 활동
건드리다	동사	인간	신체 행위
건립	명사	정치와 행정	정치 및 행정 행위
건망증	명사	삶	병과 증상
건물	명사	주생활	건물 종류
건방지다	형용사	인간	태도
건성01	명사	인간	태도
건수	명사	개념	수
건의	명사	사회생활	언어 행위
건축물	명사	주생활	건물 종류
걷다02	동사	인간	신체 행위
걷어차다	동사	인간	신체 행위
걸다02	동사	주생활	가사 행위
걸다02	동사	사회생활	사회 활동
걸레	명사	주생활	가사 행위
걸리다01	동사	삶	병과 증상
걸어가다	동사	인간	신체 행위
걸어오다01	동사	인간	신체 행위
걸음	명사	삶	일상 행위
걸음걸이	명사	인간	신체 행위
걸작	명사	문화	예술
걸치다	동사	의생활	의복 착용 행위
걸터앉다	동사	인간	신체 행위
검거	명사	정치와 행정	사법 및 치안 행위
검다	형용사	개념	색깔
검다	형용사	개념	색깔
검사01	명사	정치와 행정	사법 및 치안 주체
검사02	명사	삶	치료 행위
검색	명사	사회생활	통신 행위
검소	명사	경제생활	경제 상태
검은색	명사	개념	색깔
검정01	명사	개념	색깔
검증	명사	교육	학문 행위
검진	명사	삶	치료 행위
검찰	명사	정치와 행정	사법 및 치안 주체
겁	명사	인간	감정
겁나다	동사	인간	감정
겁내다	동사	인간	인지 행위
겉	명사	개념	위치 및 방향
겉모습	명사	인간	용모
겉보기	명사	개념	모양
겉옷	명사	의생활	옷 종류
게01	명사	식생활	식재료
게다가01	부사	개념	접속
게으르다	형용사	인간	태도
게을리하다	동사	인간	태도
게임	명사	삶	여가 도구
게임	명사	삶	여가 도구
게재	명사	사회생활	통신 행위
겨드랑이	명사	인간	신체 부위
겨루다	동사	사회생활	사회 활동
겨를	의존명사	개념	시간
겨우	부사	개념	정도
겨울	명사	개념	시간
겨울철	명사	개념	시간
격려	명사	사회생활	언어 행위
격식	명사	사회생활	사회 생활 상태
격언	명사	사회생활	말
격차	명사	개념	정도
견과	명사	식생활	과일
견문	명사	인간	인지 행위
견제	명사	사회생활	사회 활동
견학	명사	교육	교수 학습 행위
견해	명사	인간	인지 행위
결국02/결국01	부사/명사	개념	시간
결근	명사	사회생활	직장 생활
결단	명사	인간	인지 행위
결단력	명사	인간	능력
결별	명사	사회생활	사회 활동
결석	명사	교육	교수 학습 행위
결심	명사	인간	인지 행위
결의02	명사	사회생활	사회 활동
결재	명사	사회생활	직장 생활
결정01	명사	인간	인지 행위
결제	명사	경제생활	경제 행위
결코	부사	개념	정도
결혼	명사	삶	가족 행사
결혼식	명사	삶	가족 행사
결혼식장	명사	삶	가족 행사
겸손	명사	인간	태도
겸허	명사	인간	태도
-경01	접사	개념	시간
경건하다	형용사	인간	감정
경계01	명사	개념	위치 및 방향
경계02	명사	인간	인지 행위
경고	명사	사회생활	언어 행위
경고문	명사	사회생활	소통 수단
경기01	명사	경제생활	경제 행위
경기02	명사	삶	여가 활동
경기장	명사	삶	여가 시설
경력	명사	사회생활	직장 생활
경련	명사	삶	병과 증상
경매	명사	경제생활	경제 행위
경멸	명사	인간	태도
경복궁	명사	문화	전통문화
경비01	명사	경제생활	경제 수단
경비02	명사	사회생활	직업
경사01	명사	개념	모양
경솔하다	형용사	인간	태도
경악	명사	인간	감정
경영	명사	사회생활	직장 생활
경영진	명사	경제생활	경제 행위 주체
경영학	명사	교육	전공과 교과목
경유01	명사	사회생활	교통 이용 행위
경쟁	명사	사회생활	사회 활동
경쟁력	명사	인간	능력
경쟁률	명사	사회생활	사회 생활 상태
경전	명사	종교	종교 활동 도구
경제	명사	경제생활	경제 행위
경제권01	명사	경제생활	경제 상태
경제력	명사	경제생활	경제 행위
경제성	명사	경제생활	경제 상태
경제적01∙경제적02	관형사∙명사	경제생활	경제 행위
경제학	명사	교육	전공과 교과목
경조사	명사	삶	가족 행사
경직	명사	인간	감각
경찰	명사	정치와 행정	사법 및 치안 주체
경찰	명사	정치와 행정	사법 및 치안 주체
경찰관	명사	정치와 행정	사법 및 치안 주체
경찰서	명사	사회생활	직장
경찰청	명사	정치와 행정	사법 및 치안 주체
경청	명사	인간	인지 행위
경품	명사	경제생활	경제 수단
경험	명사	인간	인지 행위
경험담	명사	사회생활	언어 행위
경호	명사	사회생활	사회 활동
곁01	명사	개념	위치 및 방향
곁눈질	명사	인간	신체 행위
계곡	명사	자연	지형
계급	명사	사회생활	사회 생활 상태
계단	명사	주생활	주택 구성
계란	명사	식생활	식재료
계산	명사	경제생활	경제 행위
계산	명사	경제생활	경제 행위
계산기	명사	경제생활	경제 수단
계산대	명사	경제생활	경제 수단
계속02/계속01	부사/명사	개념	시간
계약	명사	경제생활	경제 행위
계약금	명사	경제생활	경제 수단
계절	명사	개념	시간
계좌	명사	경제생활	경제 수단
계획	명사	인간	인지 행위
고가02	명사	경제생활	경제 수단
고개01	명사	인간	신체 부위
고개02	명사	자연	지형
고객	명사	경제생활	경제 행위 주체
고교생	명사	교육	교수 학습 주체
고구마	명사	식생활	채소
고궁	명사	문화	전통문화
고급	명사	개념	성질
고급	명사	개념	성질
고급스럽다	형용사	개념	성질
고기01	명사	식생활	식재료
고기01	명사	식생활	식재료
고기압	명사	자연	기상 및 기후
고기잡이	명사	경제생활	경제 행위
고난	명사	삶	삶의 상태
고다	동사	식생활	식사 및 조리 행위
고단하다	형용사	삶	삶의 상태
고달프다	형용사	삶	삶의 상태
고대01	명사	개념	시간
고도00	명사	개념	정도
고독	명사	인간	감정
고되다	형용사	삶	삶의 상태
고등	명사	개념	성질
고등어	명사	식생활	식재료
고등학교	명사	교육	교육 기관
고등학생	명사	교육	교수 학습 주체
고래01	명사	동식물	동물류
고려01	명사	인간	인지 행위
고령	명사	인간	체력 상태
고령화	명사	사회생활	사회 생활 상태
고루	부사	개념	모양
고르다03	형용사	개념	모양
고립	명사	사회생활	사회 생활 상태
고마워하다	동사	인간	감정
고맙다01	형용사	인간	감정
고모	명사	삶	친족 관계
고무01	명사	자연	자원
고무신	명사	의생활	모자, 신발, 장신구
고민	명사	인간	인지 행위
고발	명사	정치와 행정	사법 및 치안 행위
고백	명사	사회생활	언어 행위
고비	명사	삶	삶의 상태
고상하다	형용사	인간	태도
고생스럽다	형용사	삶	삶의 상태
고소01	명사	정치와 행정	사법 및 치안 행위
고소득	명사	경제생활	경제 상태
고소하다01	형용사	식생활	맛
고속	명사	개념	속도
고속버스	명사	사회생활	교통수단
고수01	명사	인간	태도
고스란히	부사	개념	모양
고심	명사	인간	인지 행위
고아	명사	인간	사람의 종류
고안	명사	인간	인지 행위
고약하다	형용사	개념	성질
고양이	명사	동식물	동물류
고온	명사	개념	온도
고요	명사	삶	삶의 상태
고요히	부사	삶	삶의 상태
고용	명사	경제생활	경제 행위
고원	명사	자연	지형
고위	명사	사회생활	사회 생활 상태
고의	명사	인간	태도
고인02	명사	인간	사람의 종류
고장02	명사	개념	지역
고전01	명사	개념	시간
고졸	명사	교육	교수 학습 행위
고집	명사	인간	성격
고찰	명사	인간	인지 행위
고체	명사	개념	모양
고추	명사	식생활	채소
고춧가루	명사	식생활	식재료
고충	명사	삶	삶의 상태
고층	명사	개념	모양
고치다	동사	주생활	가사 행위
고치다	동사	삶	치료 행위
고통	명사	인간	감각
고통스럽다	형용사	인간	감각
고프다	형용사	인간	감각
고학력	명사	인간	능력
고함	명사	인간	신체 행위
고향	명사	개념	지역
고혈압	명사	삶	병과 증상
곡01	명사	개념	세는 말
곡01	명사	삶	여가 활동
곡물	명사	식생활	곡류
곡선	명사	개념	모양
곡식	명사	식생활	곡류
곤경	명사	삶	삶의 상태
곤궁	명사	삶	삶의 상태
곤욕	명사	삶	삶의 상태
곤충	명사	동식물	곤충류
곧	부사	개념	시간
곧다	형용사	개념	모양
곧다	형용사	인간	성격
곧바로	부사	개념	시간
곧바로	부사	개념	시간
곧이어	부사	개념	시간
곧잘	부사	개념	정도
곧장	부사	개념	모양
골04	명사	삶	여가 활동
골고루	부사	개념	모양
골다	동사	인간	생리 현상
골동품	명사	문화	전통문화
골머리	명사	인간	신체 부위
골짜기	명사	자연	지형
골치	명사	인간	신체 부위
골칫거리	명사	인간	인지 행위
골프	명사	삶	여가 활동
곪다	동사	삶	병과 증상
곰	명사	동식물	동물류
곰곰이	부사	인간	인지 행위
곱다01	형용사	개념	모양
곱슬머리	명사	의생활	미용 행위
곱하다	동사	개념	수
곳	명사	개념	지역
곳곳	명사	개념	지역
공01	명사	삶	여가 도구
공03	명사	개념	수
공간	명사	개념	지역
공감	명사	인간	감정
공감대	명사	인간	감정
공경	명사	사회생활	사회 활동
공고02	명사	사회생활	직장 생활
공공연하다	형용사	사회생활	사회 생활 상태
공공장소	명사	정치와 행정	공공 기관
공과금	명사	정치와 행정	정치 및 행정 행위
공군	명사	정치와 행정	사법 및 치안 주체
공권력	명사	정치와 행정	사법 및 치안 행위
공기03	명사	개념	세는 말
공립	명사	사회생활	사회 생활 상태
공무원	명사	정치와 행정	정치 및 행정 주체
공문	명사	사회생활	직장 생활
공방02	명사	사회생활	언어 행위
공부	명사	교육	교수 학습 행위
공상	명사	인간	인지 행위
공손하다	형용사	인간	태도
공식적01∙공식적02	관형사∙명사	사회생활	사회 생활 상태
공약01	명사	정치와 행정	정치 및 행정 행위
공연	명사	문화	문화 활동
공연장	명사	문화	문화생활 장소
공예	명사	문화	미술
공용어	명사	사회생활	말
공원02	명사	삶	여가 시설
공유02	명사	사회생활	사회 생활 상태
공익01	명사	사회생활	사회 생활 상태
공장	명사	경제생활	경제 행위 장소
공적01∙공적02	관형사∙명사	사회생활	사회 활동
공정02	명사	사회생활	사회 생활 상태
공존	명사	사회생활	사회 생활 상태
공주	명사	사회생활	직위
공중01	명사	사회생활	사회 생활 상태
공중02	명사	자연	천체
공직	명사	정치와 행정	공공 기관
공짜	명사	경제생활	경제 행위
공책	명사	교육	학습 관련 사물
공터	명사	개념	위치 및 방향
공평하다	형용사	사회생활	사회 생활 상태
공포01	명사	인간	감정
공포감	명사	인간	감정
공학01	명사	교육	전공과 교과목
공항	명사	사회생활	교통 이용 장소
공허하다	형용사	인간	감정
공헌	명사	사회생활	사회 활동
공휴일	명사	개념	시간
-과	접사	사회생활	직장
과01	명사	교육	전공과 교과목
과02	명사	교육	전공과 교과목
과감하다	형용사	인간	태도
과감히	부사	인간	태도
과거02	명사	개념	시간
과격하다	형용사	인간	태도
과다	명사	개념	양
과도하다	형용사	개념	정도
과목	명사	교육	전공과 교과목
과민	명사	인간	감정
과반수	명사	개념	수
과부	명사	인간	사람의 종류
과소비	명사	경제생활	경제 행위
과속	명사	사회생활	교통 이용 행위
과식	명사	식생활	식사 및 조리 행위
과언	명사	사회생활	소통 수단
과외	명사	교육	교수 학습 행위
과외	명사	교육	교수 학습 행위
과음	명사	식생활	식사 및 조리 행위
과일	명사	식생활	과일
과잉	명사	개념	양
과자	명사	식생활	음식
과장03	명사	사회생활	직위
과정02	명사	교육	교수 학습 행위
과제	명사	교육	교수 학습 행위
과찬	명사	사회생활	언어 행위
과하다01	형용사	개념	양
과학	명사	교육	전공과 교과목
과학자	명사	사회생활	직업
-관01	접사	정치와 행정	정치 및 행정 주체
관객	명사	문화	문화 활동 주체
관계02	명사	사회생활	사회 활동
관계자	명사	인간	사람의 종류
관공서	명사	정치와 행정	공공 기관
관광	명사	삶	여가 활동
관광객	명사	인간	사람의 종류
관광지	명사	삶	여가 시설
관대하다02	형용사	인간	태도
관람	명사	문화	문화 활동
관람객	명사	문화	문화 활동 주체
관련자	명사	사회생활	인간관계
관리01	명사	정치와 행정	정치 및 행정 주체
관세	명사	경제생활	경제 수단
관심	명사	인간	감정
관용03	명사	인간	태도
관용어	명사	사회생활	말
관절	명사	인간	신체 부위
관중	명사	문화	문화 활동 주체
관직	명사	사회생활	직위
관청	명사	정치와 행정	공공 기관
관형사	명사	사회생활	말
광고	명사	사회생활	통신 행위
광범위하다	형용사	개념	모양
광부	명사	사회생활	직업
광장	명사	개념	위치 및 방향
광주	명사	개념	지역
광활하다	형용사	개념	모양
괜찮다	형용사	인간	감정
괜찮다	형용사	인간	감정
괴로움	명사	인간	감정
괴로워하다	동사	인간	감정
괴롭다	형용사	인간	감정
굉장하다	형용사	개념	정도
굉장히	부사	개념	정도
교감01	명사	사회생활	사회 활동
교과	명사	교육	전공과 교과목
교과서	명사	교육	학습 관련 사물
교내	명사	개념	지역
교도소	명사	정치와 행정	공공 기관
교란	명사	사회생활	사회 활동
교류	명사	사회생활	사회 활동
교묘하다	형용사	개념	성질
교무실	명사	교육	학교 시설
교복	명사	의생활	옷 종류
교사03	명사	교육	교수 학습 주체
교섭	명사	사회생활	사회 활동
교수	명사	교육	교수 학습 주체
교시01	의존명사	교육	교수 학습 행위
교실	명사	교육	학교 시설
교외01	명사	개념	지역
교원	명사	교육	교수 학습 주체
교육	명사	교육	교수 학습 행위
교육자	명사	교육	교수 학습 주체
교장	명사	사회생활	직위
교재	명사	교육	학습 관련 사물
교제	명사	사회생활	사회 활동
교통	명사	사회생활	교통 이용 행위
교통비	명사	경제생활	경제 수단
교통사고	명사	사회생활	교통 이용 행위
교통수단	명사	사회생활	교통수단
교포	명사	인간	사람의 종류
교환	명사	경제생활	경제 행위
교활하다	형용사	인간	성격
교회	명사	종교	종교 활동 장소
구01/구02	수사/관형사	개념	수
구06	명사	개념	모양
구간01	명사	개념	위치 및 방향
구걸	명사	사회생활	사회 활동
구겨지다	동사	개념	모양
구경	명사	삶	여가 활동
구경꾼	명사	문화	문화 활동 주체
구급차	명사	사회생활	교통수단
구내식당	명사	교육	학교 시설
구두01	명사	의생활	모자, 신발, 장신구
구두쇠	명사	경제생활	경제 상태
구름	명사	자연	기상 및 기후
구매	명사	경제생활	경제 행위
구매자	명사	경제생활	경제 행위 주체
구박	명사	사회생활	사회 활동
구부리다	동사	인간	신체 행위
구사	명사	사회생활	언어 행위
구상02	명사	인간	인지 행위
구석	명사	개념	지역
구석구석	명사	개념	위치 및 방향
구수하다	형용사	식생활	맛
구슬	명사	의생활	모자, 신발, 장신구
구십01/구십02	수사/관형사	개념	수
구어	명사	사회생활	말
구역	명사	개념	지역
구원	명사	사회생활	사회 활동
구월	명사	개념	시간
구인01	명사	경제생활	경제 행위
구입	명사	경제생활	경제 행위
구절	명사	사회생활	소통 수단
구제01	명사	사회생활	사회 활동
구직	명사	경제생활	경제 행위
구직난00	명사	경제생활	경제 상태
구직자00	명사	경제생활	경제 행위 주체
구청	명사	정치와 행정	공공 기관
구체적01∙구체적02	관형사∙명사	교육	학문 행위
구출	명사	사회생활	사회 활동
구태여	부사	인간	태도
구토	명사	삶	병과 증상
구호01	명사	사회생활	소통 수단
구호02	명사	사회생활	사회 활동
국	명사	식생활	음식
국가01	명사	정치와 행정	정치 및 행정 주체
국경	명사	정치와 행정	정치 및 치안 상태
국고	명사	경제생활	경제 수단
국군	명사	정치와 행정	사법 및 치안 주체
국내	명사	개념	지역
국내선	명사	사회생활	교통수단
국내외	명사	정치와 행정	정치 및 치안 상태
국도	명사	사회생활	교통 이용 장소
국력	명사	정치와 행정	정치 및 치안 상태
국물	명사	식생활	음식
국민	명사	정치와 행정	정치 및 행정 주체
국방	명사	정치와 행정	사법 및 치안 행위
국보	명사	문화	전통문화
국비	명사	경제생활	경제 수단
국세청	명사	정치와 행정	공공 기관
국수	명사	식생활	음식
국악	명사	문화	전통문화
국어	명사	교육	전공과 교과목
국왕	명사	정치와 행정	정치 및 행정 주체
국외	명사	개념	지역
국익	명사	경제생활	경제 상태
국장01	명사	사회생활	직위
국정02	명사	정치와 행정	정치 및 행정 행위
국제선	명사	사회생활	교통수단
국제적01∙국제적02	관형사∙명사	정치와 행정	정치 및 치안 상태
국토	명사	정치와 행정	정치 및 치안 상태
국화02	명사	동식물	식물류
국회	명사	정치와 행정	공공 기관
군03	명사	정치와 행정	사법 및 치안 주체
군04	명사	개념	지역
군대	명사	정치와 행정	사법 및 치안 행위
군데	의존명사	개념	지역
군데군데01/군데군데02	명사/부사	개념	위치 및 방향
군밤	명사	식생활	음식
군사01	명사	정치와 행정	사법 및 치안 행위
군사01	명사	정치와 행정	사법 및 치안 행위
군인	명사	정치와 행정	사법 및 치안 주체
굳다01	동사	개념	성질
굳다01	동사	개념	성질
굳이	부사	인간	태도
굴곡	명사	개념	모양
굴뚝	명사	주생활	주택 구성
굵다	형용사	개념	모양
굶다	동사	식생활	식사 및 조리 행위
굶주리다	동사	삶	삶의 상태
굶주림	명사	삶	삶의 상태
굽	명사	의생활	모자, 신발, 장신구
굽다01	동사	식생활	식사 및 조리 행위
굽히다	동사	인간	신체 행위
궁02	명사	문화	전통문화
궁궐	명사	문화	전통문화
궁금증	명사	인간	인지 행위
궁금하다	형용사	인간	인지 행위
궁리	명사	인간	인지 행위
궁중	명사	문화	전통문화
궂다	형용사	자연	기상 및 기후
권	의존명사	개념	세는 말
권고	명사	사회생활	사회 활동
권력	명사	정치와 행정	정치 및 행정 행위
권장	명사	사회생활	사회 활동
권총	명사	정치와 행정	무기
권태	명사	인간	감정
궤도	명사	개념	위치 및 방향
귀01	명사	인간	신체 부위
귀01	명사	인간	신체 부위
귀걸이	명사	의생활	모자, 신발, 장신구
귀여워하다	동사	인간	감정
귀엽다	형용사	인간	감정
귀족	명사	사회생활	직위
귀중하다	형용사	인간	감정
귀찮다	형용사	인간	감정
귓속말	명사	사회생활	언어 행위
규모	명사	개념	모양
규칙	명사	사회생활	사회 활동
규칙적01∙규칙적02	관형사∙명사	개념	시간
귤	명사	식생활	과일
그02/그01	관형사/대명사	개념	지시
그간	명사	개념	지시
그거	대명사	개념	지시
그것	대명사	개념	지시
그곳	대명사	개념	지시
그날	명사	개념	시간
그네01	명사	삶	여가 도구
그녀	대명사	개념	인칭
그대	대명사	개념	인칭
그대로	부사	개념	모양
그동안	명사	개념	시간
그때	명사	개념	시간
그래도	줄어든 말	개념	접속
그래서01	부사	개념	접속
그램	의존명사	개념	세는 말
그러나01	부사	개념	접속
그러니까	부사	개념	접속
그러다	동사	개념	지시
그러면01	부사	개념	접속
그러므로	부사	개념	접속
그런01	관형사	개념	지시
그런데01	부사	개념	접속
그렇다	형용사	개념	지시
그렇지01	감탄사	인간	감정
그렇지만	부사	개념	접속
그르다01/그르다02	형용사/동사	개념	성질
그릇	명사	식생활	조리 도구
그릇되다	동사	개념	성질
그리01	부사	개념	지시
그리02	부사	개념	지시
그리고	부사	개념	접속
그리다01	동사	인간	인지 행위
그리다02	동사	삶	여가 활동
그리움	명사	인간	감정
그리하여	부사	개념	접속
그림	명사	문화	미술
그립다	형용사	인간	감정
그만큼01/그만큼02	부사/명사	개념	정도
그분	대명사	개념	인칭
그윽하다	형용사	개념	성질
그저께02/그저께01	부사/명사	개념	시간
그제01/그제02	명사/부사	개념	시간
그제야	부사	개념	시간
그쪽	대명사	개념	지시
그치다	동사	자연	기상 및 기후
그토록	부사	개념	정도
극-	접사	개념	정도
극단적01∙극단적02	관형사∙명사	인간	성격
극도	명사	개념	정도
극소수	명사	개념	수
극심하다	형용사	개념	정도
극장	명사	문화	문화생활 장소
극히	부사	개념	정도
근02	관형사	개념	시간
근교	명사	개념	지역
근대	명사	개념	시간
근데	부사	개념	접속
근데	부사	개념	접속
근데	부사	개념	접속
근래	명사	개념	시간
근력	명사	인간	체력 상태
근로자	명사	경제생활	경제 행위 주체
근본적01∙근본적02	관형사∙명사	교육	학문 행위
근사하다	형용사	개념	모양
근심	명사	인간	감정
근육	명사	인간	신체 부위
근처	명사	개념	위치 및 방향
글	명사	사회생활	언어 행위
글씨	명사	사회생활	소통 수단
글자	명사	사회생활	소통 수단
긁다	동사	인간	신체 행위
금01	명사	개념	모양
금02	명사	개념	시간
금03	명사	자연	자원
금년	명사	개념	시간
금리	명사	경제생활	경제 수단
금방	부사	개념	시간
금방	부사	개념	시간
금방	부사	개념	시간
금세	부사	개념	시간
금시초문	명사	인간	인지 행위
금요일	명사	개념	시간
금전	명사	경제생활	경제 수단
급격히	부사	개념	속도
급급하다	형용사	개념	성질
급등	명사	경제생활	경제 상태
급락	명사	경제생활	경제 상태
급변	명사	개념	모양
급상승	명사	경제생활	경제 상태
급성	명사	개념	속도
급속	명사	개념	속도
급속도	명사	개념	속도
급속히	부사	개념	속도
급식	명사	식생활	음식
급여	명사	경제생활	경제 수단
급증	명사	개념	양
급하다	형용사	인간	성격
급하다	형용사	개념	시간
급히	부사	개념	시간
긍정	명사	인간	태도
긍정적01∙긍정적02	관형사∙명사	인간	성격
긍지	명사	인간	능력
기01	명사	인간	능력
-기07	접사	주생활	생활용품
기간02	명사	개념	시간
기관지	명사	인간	신체 내부 구성
기금	명사	경제생활	경제 수단
기기01	명사	주생활	생활용품
기꺼이	부사	인간	태도
기념회	명사	사회생활	사회 행사
기다	동사	인간	신체 행위
기다리다	동사	사회생활	사회 활동
기대감	명사	인간	감정
기도02	명사	종교	종교 행위
기독교	명사	종교	종교 유형
기둥	명사	주생활	주택 구성
기량	명사	인간	능력
기력	명사	인간	능력
기르다	동사	삶	삶의 행위
기르다	동사	삶	삶의 행위
기르다	동사	의생활	미용 행위
기름	명사	식생활	식재료
기름	명사	자연	자원
기름지다	형용사	식생활	맛
기린	명사	동식물	동물류
기막히다	형용사	인간	감정
기만	명사	인간	태도
기말	명사	개념	시간
기발하다	형용사	인간	능력
기부금	명사	경제생활	경제 수단
기분	명사	인간	감정
기뻐하다	동사	인간	감정
기쁘다	형용사	인간	감정
기쁨	명사	인간	감정
기사01	명사	사회생활	직업
기사01	명사	사회생활	직업
기사02	명사	사회생활	매체
기상01	명사	자연	기상 및 기후
기상청	명사	정치와 행정	공공 기관
기색	명사	인간	용모
기세	명사	인간	능력
기숙사	명사	교육	학교 시설
기술자	명사	사회생활	직업
기압	명사	자연	기상 및 기후
기약	명사	사회생활	사회 활동
기어가다	동사	인간	신체 행위
기어오르다	동사	인간	신체 행위
기어이	부사	인간	태도
기어코	부사	인간	태도
기억	명사	인간	인지 행위
기억나다	동사	인간	인지 행위
기억력	명사	인간	인지 행위
기업	명사	사회생활	직장
기업가	명사	경제생활	경제 행위 주체
기온	명사	자연	기상 및 기후
기와집	명사	주생활	건물 종류
기운01	명사	인간	체력 상태
기운01	명사	삶	병과 증상
기웃거리다	동사	인간	신체 행위
기원01	명사	인간	인지 행위
기원전	명사	개념	시간
기원후	명사	개념	시간
기이하다	형용사	개념	모양
기일02	명사	개념	시간
기자	명사	사회생활	직업
기절	명사	삶	병과 증상
기점	명사	개념	위치 및 방향
기증	명사	사회생활	사회 활동
기지개	명사	인간	신체 행위
기질	명사	인간	성격
기차	명사	사회생활	교통수단
기차역	명사	사회생활	교통 이용 장소
기차표	명사	사회생활	교통 이용 행위
기체01	명사	개념	모양
기침	명사	인간	생리 현상
기타02	명사	삶	여가 도구
기특하다	형용사	인간	태도
기품01	명사	인간	용모
기필코	부사	인간	태도
기한	명사	개념	시간
기행문	명사	문화	문학
기호01	명사	사회생활	소통 수단
기회	명사	개념	시간
기후	명사	자연	기상 및 기후
기후	명사	자연	기상 및 기후
긴급	명사	개념	시간
긴밀하다	형용사	사회생활	사회 생활 상태
긴장	명사	인간	감정
긴장감	명사	인간	감정
긴팔	명사	의생활	옷 종류
길01	명사	사회생활	교통 이용 장소
길가	명사	개념	지역
길거리	명사	개념	지역
길다01	동사	인간	신체 변화
길다02	형용사	개념	모양
길들이다	동사	사회생활	사회 활동
길이01	명사	개념	모양
길쭉하다	형용사	개념	모양
김02	명사	식생활	식재료
김밥	명사	식생활	음식
김장	명사	식생활	식사 및 조리 행위
김치	명사	식생활	음식
김치찌개	명사	식생활	음식
깃02	명사	의생활	옷의 부분
깃털	명사	동식물	동물의 부분
깊다	형용사	개념	모양
깊숙이	부사	개념	모양
깊이01	명사	개념	모양
까다롭다	형용사	인간	성격
까만색	명사	개념	색깔
까맣다	형용사	개념	색깔
까먹다	동사	식생활	식사 및 조리 행위
까먹다	동사	인간	인지 행위
까무러치다	동사	삶	병과 증상
까치	명사	동식물	동물류
깎다	동사	식생활	식사 및 조리 행위
깎다	동사	의생활	미용 행위
깎다	동사	경제생활	경제 행위
깔끔하다	형용사	인간	성격
깜깜하다	형용사	개념	밝기
깜박하다	동사	인간	인지 행위
깜짝하다01	동사	인간	신체 행위
깨	명사	식생활	식재료
깨끗하다	형용사	주생활	주거 상태
깨다01	동사	삶	일상 행위
깨닫다	동사	인간	인지 행위
깨닫다	동사	인간	인지 행위
깨물다	동사	인간	신체 행위
깨소금	명사	식생활	식재료
깨우다	동사	삶	일상 행위
깨우치다	동사	인간	인지 행위
꺼내다	동사	인간	신체 행위
꺼리다	동사	인간	태도
꺼림칙하다	형용사	인간	감정
껌	명사	식생활	음식
껍데기	명사	동식물	식물의 부분
-께	접사	개념	시간
껴안다	동사	인간	신체 행위
껴입다	동사	의생활	의복 착용 행위
꼬다	동사	인간	신체 행위
꼬르륵	부사	인간	소리
꼬리	명사	동식물	동물의 부분
꼬마	명사	인간	사람의 종류
꼬집다	동사	인간	신체에 가하는 행위
꼬치꼬치	부사	인간	태도
꼴01	명사	개념	모양
꼼꼼하다	형용사	인간	태도
꼼꼼히	부사	인간	태도
꽃	명사	동식물	식물의 부분
꽃병	명사	주생활	생활용품
꽃샘추위	명사	자연	기상 및 기후
꽃잎	명사	동식물	식물의 부분
꽃집	명사	경제생활	경제 행위 장소
꽤	부사	개념	정도
꾀	명사	인간	인지 행위
꾀하다	동사	인간	인지 행위
꾸다01	동사	삶	일상 행위
꾸다02	동사	경제생활	경제 행위
꾸준하다	형용사	인간	태도
꾸준히	부사	인간	태도
꾸중	명사	사회생활	언어 행위
꾸짖다	동사	사회생활	사회 활동
꾹	부사	개념	모양
-꾼	접사	인간	사람의 종류
꿀	명사	식생활	식재료
꿇다	동사	인간	신체 행위
꿈	명사	삶	일상 행위
꿈	명사	삶	일상 행위
꿈꾸다	동사	삶	일상 행위
꿈틀거리다	동사	동식물	동식물 행위
뀌다	동사	인간	생리 현상
끄다	동사	주생활	가사 행위
끄다	동사	주생활	가사 행위
끄덕이다	동사	인간	신체 행위
끈기	명사	인간	능력
끈질기다	형용사	인간	태도
끊다	동사	사회생활	통신 행위
끌어당기다	동사	인간	신체 행위
끌어안다	동사	인간	신체 행위
끓다	동사	식생활	식사 및 조리 행위
끓이다	동사	식생활	식사 및 조리 행위
끔찍이	부사	인간	감정
끔찍하다	형용사	인간	감정
끝	명사	개념	순서
끼01	명사	개념	세는 말
끼다02	동사	자연	기상 및 기후
끼다03	동사	의생활	의복 착용 행위
끼다03	동사	의생활	의복 착용 행위
끼우다	동사	의생활	의복 착용 행위
끼치다01	동사	인간	생리 현상
나01/나00	대명사/명사	개념	인칭
나그네	명사	인간	사람의 종류
나날	명사	개념	시간
나날이	부사	개념	시간
나누다	동사	사회생활	사회 활동
나누다	동사	사회생활	사회 활동
나누다	동사	사회생활	사회 활동
나누다	동사	사회생활	사회 활동
나누다	동사	사회생활	사회 활동
나들이	명사	삶	여가 활동
나라	명사	개념	지역
나른하다	형용사	인간	감각
나머지	명사	개념	양
나무	명사	동식물	식물류
나무	명사	동식물	식물류
나무라다	동사	사회생활	언어 행위
나물01	명사	식생활	채소
나뭇가지	명사	동식물	식물의 부분
나뭇잎	명사	동식물	식물의 부분
나비03	명사	동식물	곤충류
나약하다	형용사	인간	체력 상태
나오다	동사	인간	신체 행위
나이프	명사	식생활	조리 도구
나중	명사	개념	순서
나지막하다	형용사	개념	모양
나흘	명사	개념	시간
낙관02	명사	인간	감정
낙관02	명사	인간	감정
낙관적01∙낙관적02	관형사∙명사	인간	태도
낙관적01∙낙관적02	관형사∙명사	인간	태도
낙방	명사	교육	교수 학습 행위
낙서	명사	사회생활	소통 수단
낙심	명사	인간	감정
낙엽	명사	동식물	식물의 부분
낙원	명사	종교	종교어
낙제	명사	교육	교수 학습 행위
낙천적01∙낙천적02	관형사∙명사	인간	태도
낙타	명사	동식물	동물류
낚시	명사	삶	여가 활동
낚시터	명사	삶	여가 시설
난간	명사	주생활	주택 구성
난감하다	형용사	인간	감정
난로	명사	주생활	생활용품
난처하다	형용사	인간	태도
난청	명사	삶	병과 증상
난치병	명사	삶	병과 증상
난폭	명사	인간	태도
날01/날02	명사/의존명사	개념	세는 말
날개	명사	동식물	동물의 부분
날개	명사	동식물	동물의 부분
날다	동사	동식물	동식물 행위
날로01	부사	개념	시간
날씨	명사	자연	기상 및 기후
날씬하다	형용사	인간	용모
날아가다	동사	동식물	동식물 행위
날아다니다	동사	동식물	동식물 행위
날아오다	동사	동식물	동식물 행위
날아오르다	동사	동식물	동식물 행위
날짜	명사	개념	시간
날짜	명사	개념	시간
남01	명사	사회생활	인간관계
남02	명사	인간	사람의 종류
남03	명사	개념	위치 및 방향
남극	명사	개념	지역
남기다	동사	개념	양
남김없이	부사	개념	수
남녀	명사	인간	사람의 종류
남녀노소	명사	인간	사람의 종류
남녀평등	명사	사회생활	사회 생활 상태
남다	동사	개념	양
남다르다	형용사	인간	능력
남대문	명사	개념	지역
남동생	명사	삶	친족 관계
남매	명사	삶	친족 관계
남몰래	부사	인간	태도
남미	명사	개념	지역
남부	명사	개념	지역
남북	명사	개념	위치 및 방향
남북	명사	개념	위치 및 방향
남산	명사	개념	지역
남색	명사	개념	색깔
남성	명사	인간	사람의 종류
남아	명사	인간	사람의 종류
남자02	명사	인간	사람의 종류
남짓	의존명사	개념	정도
남쪽	명사	개념	위치 및 방향
남편	명사	삶	친족 관계
남학생	명사	교육	교수 학습 주체
남한01	명사	개념	지역
남향	명사	개념	위치 및 방향
납득	명사	인간	인지 행위
납부	명사	경제생활	경제 행위
납작하다	형용사	개념	모양
납치	명사	정치와 행정	사법 및 치안 행위
낫다01	동사	삶	병과 증상
낫다02	형용사	개념	정도
낭독	명사	사회생활	언어 행위
낭송	명사	사회생활	언어 행위
낭패	명사	삶	삶의 상태
낮	명사	개념	시간
낮다	형용사	개념	모양
낮잠	명사	삶	일상 행위
낯	명사	인간	신체 부위
낯익다	형용사	개념	모양
낱낱이	부사	개념	양
낱말	명사	사회생활	말
낳다01	동사	인간	신체 행위
내03	대명사	개념	인칭
내05	의존명사	개념	시간
내과	명사	삶	치료 시설
내내	부사	개념	시간
내년	명사	개념	시간
내다보다	동사	인간	신체 행위
내달	명사	개념	시간
내던지다	동사	인간	신체 행위
내딛다	동사	인간	신체 행위
내려가다	동사	인간	신체 행위
내려가다	동사	경제생활	경제 상태
내려놓다	동사	인간	신체 행위
내려다보다	동사	인간	신체 행위
내려서다	동사	인간	신체 행위
내려오다	동사	인간	신체 행위
내려오다	동사	인간	신체 행위
내륙	명사	개념	위치 및 방향
내리다	동사	자연	기상 및 기후
내리다	동사	사회생활	교통 이용 행위
내리다	동사	사회생활	교통 이용 행위
내리막길	명사	자연	지형
내리치다	동사	인간	신체 행위
내뱉다	동사	인간	신체 행위
내뱉다	동사	사회생활	언어 행위
내복	명사	의생활	옷 종류
내부	명사	개념	지역
내비게이션00	명사	사회생활	교통 이용 행위
내뿜다	동사	인간	신체 행위
내성적01∙내성적02	관형사∙명사	인간	성격
내쉬다	동사	인간	신체 행위
내심	명사	인간	감정
내역	명사	경제생활	경제 수단
내외01	명사	개념	수
내일01/내일02	명사/부사	개념	시간
내장00	명사	인간	신체 내부 구성
내지01	부사	개념	수
내지르다	동사	인간	신체 행위
내키다	동사	인간	감정
내후년	명사	개념	시간
낼모레02/낼모레01	부사/명사	개념	시간
냄비	명사	식생활	조리 도구
냄새	명사	인간	감각
냇가	명사	자연	지형
냉기	명사	자연	기상 및 기후
냉담하다	형용사	인간	태도
냉대02	명사	개념	지역
냉면	명사	식생활	음식
냉수	명사	식생활	음료
냉장고	명사	주생활	생활용품
냉전	명사	정치와 행정	정치 및 치안 상태
냉정	명사	인간	태도
냉정하다01	형용사	인간	성격
냉혹하다	형용사	인간	태도
너01	대명사	개념	인칭
너그럽다	형용사	인간	성격
너무	부사	개념	정도
너무나	부사	개념	정도
너무하다01/너무하다02	동사/형용사	인간	태도
너비	명사	개념	모양
너희	대명사	개념	인칭
넉	관형사	개념	수
널다	동사	주생활	가사 행위
널뛰기	명사	삶	여가 활동
넓다	형용사	개념	모양
넓어지다	동사	개념	모양
넓이	명사	개념	모양
넓적하다	형용사	개념	모양
넓히다	동사	개념	모양
넘기다	동사	인간	신체 행위
넘다	동사	개념	시간
넘어지다	동사	인간	신체 행위
넣다	동사	인간	신체 행위
네01	대명사	개념	인칭
네02	관형사	개념	수
네모	명사	개념	모양
네모나다	형용사	개념	모양
네트워크	명사	사회생활	통신 행위
네티즌	명사	사회생활	인간관계
넥타이	명사	의생활	모자, 신발, 장신구
넷	수사	개념	수
넷째02∙넷째01/넷째03	수사∙관형사/명사	개념	순서
-녀	접사	인간	사람의 종류
녀석	의존명사	인간	사람의 종류
년02	의존명사	개념	세는 말
년대	의존명사	개념	시간
년도	의존명사	개념	시간
노골적01∙노골적02	관형사∙명사	인간	태도
노년	명사	삶	삶의 상태
노동	명사	경제생활	경제 행위
노동력	명사	경제생활	경제 수단
노동자	명사	경제생활	경제 행위 주체
노란색	명사	개념	색깔
노랑	명사	개념	색깔
노랗다	형용사	개념	색깔
노래	명사	삶	여가 활동
노래방	명사	삶	여가 시설
노려보다	동사	인간	신체 행위
노른자	명사	식생활	식재료
노릇	명사	사회생활	사회 활동
노부부	명사	인간	사람의 종류
노사00	명사	경제생활	경제 행위 주체
노선도	명사	사회생활	교통 이용 행위
노숙자	명사	인간	사람의 종류
노약자	명사	인간	사람의 종류
노예	명사	사회생활	직위
노을	명사	자연	기상 및 기후
노인	명사	인간	사람의 종류
노처녀	명사	인간	사람의 종류
노총각	명사	인간	사람의 종류
노크	명사	인간	신체 행위
노트02	명사	교육	학습 관련 사물
노트북	명사	주생활	생활용품
노하다	동사	인간	감정
노화	명사	인간	신체 변화
노후02	명사	개념	시간
녹색	명사	개념	색깔
녹음기	명사	주생활	생활용품
녹차	명사	식생활	음료
녹초	명사	인간	체력 상태
논	명사	경제생활	경제 행위 장소
논란	명사	사회생활	언어 행위
논리적01∙논리적02	관형사∙명사	교육	학문 행위
논리적01∙논리적02	관형사∙명사	교육	학문 행위
논문	명사	교육	학문 행위
논밭	명사	경제생활	경제 행위 장소
논설문	명사	교육	학문 용어
논술	명사	교육	학문 행위
논의	명사	사회생활	언어 행위
논쟁	명사	사회생활	언어 행위
논증	명사	교육	학문 행위
논평	명사	사회생활	언어 행위
논하다	동사	사회생활	언어 행위
놀다	동사	삶	여가 활동
놀라다	동사	인간	감정
놀랍다	형용사	인간	감정
놀리다01	동사	사회생활	언어 행위
놀이	명사	삶	여가 활동
놀이	명사	삶	여가 도구
놀이공원	명사	삶	여가 시설
놀이터	명사	삶	여가 시설
놈01/놈02	의존명사/명사	인간	사람의 종류
농가	명사	경제생활	경제 행위 주체
농경	명사	경제생활	경제 행위
농구	명사	삶	여가 활동
농담	명사	사회생활	언어 행위
농도	명사	개념	정도
농민	명사	경제생활	경제 행위 주체
농부	명사	사회생활	직업
농산물	명사	경제생활	경제 산물
농수산물	명사	경제생활	경제 산물
농악	명사	문화	전통문화
농어촌	명사	경제생활	경제 행위 장소
농작물	명사	경제생활	경제 산물
농장	명사	경제생활	경제 행위 장소
농축산물	명사	경제생활	경제 산물
높다	형용사	개념	모양
높아지다	동사	개념	모양
높이01	명사	개념	모양
높이02	부사	개념	모양
높이다	동사	개념	모양
높이다	동사	개념	모양
높이다	동사	경제생활	경제 행위
높임말	명사	사회생활	말
높임법	명사	사회생활	말
놓다01	동사	인간	신체 행위
뇌	명사	인간	신체 부위
뇌사	명사	삶	병과 증상
뇌졸중	명사	삶	병과 증상
누구	대명사	개념	의문
누구	대명사	개념	의문
누나	명사	삶	친족 관계
누님	명사	삶	친족 관계
누다	동사	인간	생리 현상
누렇다	형용사	개념	색깔
누르다01	동사	인간	신체 행위
누이	명사	삶	친족 관계
눈01	명사	인간	신체 부위
눈01	명사	인간	신체 부위
눈04	명사	자연	기상 및 기후
눈가	명사	인간	신체 부위
눈꺼풀	명사	인간	신체 부위
눈높이	명사	개념	모양
눈동자	명사	인간	신체 부위
눈뜨다	동사	인간	신체 행위
눈물	명사	인간	생리 현상
눈발	명사	자연	기상 및 기후
눈병	명사	삶	병과 증상
눈사태	명사	자연	재해
눈살01	명사	인간	신체 부위
눈썹	명사	인간	신체 부위
눈여겨보다	동사	사회생활	사회 활동
눈짓	명사	인간	신체 행위
눈초리	명사	인간	신체 부위
눈총	명사	인간	신체 행위
눈치채다00	동사	인간	인지 행위
눕다	동사	삶	일상 행위
눕히다	동사	인간	신체 행위
뉴스	명사	사회생활	매체
느긋하다	형용사	인간	성격
느끼다02	동사	인간	감정
느끼다02	동사	인간	감정
느끼하다	형용사	식생활	맛
느낌	명사	인간	감정
느리다	형용사	개념	속도
늑대	명사	동식물	동물류
늘	부사	개념	빈도
늘다	동사	개념	양
늘다	동사	개념	양
늘다	동사	개념	양
늘리다	동사	개념	양
늘리다	동사	개념	양
늘리다	동사	개념	양
늘어뜨리다	동사	개념	모양
늘어지다	동사	개념	모양
늘이다01	동사	개념	모양
늙다	동사	인간	신체 변화
늠름하다	형용사	인간	태도
능동적01∙능동적02	관형사∙명사	인간	태도
능력	명사	인간	능력
능률	명사	인간	능력
능숙하다	형용사	인간	능력
능통하다	형용사	인간	능력
능하다	형용사	인간	능력
늦가을	명사	개념	시간
늦겨울	명사	개념	시간
늦다02/늦다01	형용사/동사	개념	시간
늦다02/늦다01	형용사/동사	개념	시간
늦다02/늦다01	형용사/동사	개념	시간
늦봄	명사	개념	시간
늦어지다	동사	개념	시간
늦여름	명사	개념	시간
늦추다	동사	개념	시간
늦추다	동사	개념	시간
님	의존명사	인간	사람의 종류
다01/다02	부사/명사	개념	양
다가가다	동사	인간	신체 행위
다가서다	동사	인간	신체 행위
다가오다	동사	인간	신체 행위
다국적	명사	정치와 행정	정치 및 치안 상태
다급하다	형용사	개념	속도
다녀오다	동사	삶	일상 행위
다니다	동사	삶	일상 행위
다다익선	명사	개념	정도
다량	명사	개념	양
다르다	형용사	개념	모양
다름없이	부사	개념	모양
다리01	명사	인간	신체 부위
다리02	명사	사회생활	교통 이용 장소
다리다	동사	주생활	가사 행위
다리미	명사	주생활	생활용품
다림질	명사	주생활	가사 행위
다물다	동사	인간	신체 행위
다섯02/다섯01	수사/관형사	개념	수
다섯째02∙다섯째01/다섯째03	수사∙관형사/명사	개념	순서
다소02/다소01	부사/명사	개념	양
다수	명사	개념	수
다스리다	동사	정치와 행정	정치 및 행정 행위
다시금	부사	개념	빈도
다시다	동사	인간	신체 행위
다양	명사	개념	모양
다음	명사	개념	순서
다음날	명사	개념	시간
다이아몬드	명사	자연	자원
다이어트	명사	삶	일상 행위
다정	명사	인간	성격
다지다01	동사	식생활	식사 및 조리 행위
다지다02	동사	식생활	식사 및 조리 행위
다짜고짜	부사	인간	태도
다채롭다	형용사	개념	모양
다치다01	동사	삶	병과 증상
다큐멘터리	명사	문화	대중문화
다투다	동사	사회생활	사회 활동
닦다	동사	삶	일상 행위
단가	명사	경제생활	경제 수단
단거리	명사	개념	위치 및 방향
단결	명사	사회생활	사회 생활 상태
단기01	명사	개념	시간
단기간	명사	개념	시간
단념	명사	인간	인지 행위
단단하다	형용사	개념	성질
단단하다	형용사	개념	성질
단단히	부사	개념	모양
단돈	명사	경제생활	경제 수단
단맛	명사	식생활	맛
단발머리	명사	의생활	미용 행위
단번에	부사	개념	시간
단속	명사	정치와 행정	사법 및 치안 행위
단순	명사	개념	모양
단시간	명사	개념	시간
단어	명사	사회생활	말
단위	명사	개념	세는 말
단위	명사	개념	세는 말
단절	명사	사회생활	사회 생활 상태
단정	명사	인간	인지 행위
단정하다01	형용사	의생활	의복 착용 상태
단조롭다	형용사	개념	모양
단추	명사	의생활	옷의 부분
단풍	명사	삶	여가 활동
단호하다	형용사	인간	태도
달01/달02	명사/의존명사	개념	세는 말
달걀	명사	식생활	식재료
달다02	동사	의생활	의복 착용 행위
달다02	동사	주생활	가사 행위
달다05	형용사	식생활	맛
달래다	동사	사회생활	언어 행위
달러02/달러01	의존명사/명사	경제생활	경제 수단
달려가다	동사	인간	신체 행위
달려들다	동사	인간	신체 행위
달려오다	동사	인간	신체 행위
달력	명사	주생활	생활용품
달리기	명사	삶	여가 활동
달리다03	동사	인간	신체 행위
달빛	명사	자연	천체
달콤하다	형용사	식생활	맛
닭	명사	동식물	동물류
닭고기	명사	식생활	식재료
닮다	동사	개념	모양
담01	명사	주생활	주택 구성
담02	명사	개념	시간
담그다	동사	식생활	식사 및 조리 행위
담담하다	형용사	인간	태도
담당자	명사	인간	사람의 종류
담배	명사	식생활	음식
담백하다	형용사	식생활	맛
담보	명사	경제생활	경제 수단
담요	명사	주생활	생활용품
담장	명사	주생활	주택 구성
답	명사	사회생활	언어 행위
답답하다	형용사	인간	감정
답변	명사	사회생활	언어 행위
답장	명사	사회생활	소통 수단
닷새	명사	개념	시간
당03	명사	정치와 행정	정치 및 행정 주체
당구	명사	삶	여가 활동
당국02	명사	정치와 행정	정치 및 행정 주체
당근	명사	식생활	채소
당뇨병	명사	삶	병과 증상
당당하다	형용사	인간	태도
당당히	부사	인간	태도
당부	명사	사회생활	언어 행위
당분간02/당분간01	부사/명사	개념	시간
당사자	명사	인간	사람의 종류
당선	명사	정치와 행정	정치 및 행정 행위
당시	명사	개념	시간
당신	대명사	개념	인칭
당연히	부사	인간	감정
당일	명사	개념	시간
당장	명사	개념	시간
당혹	명사	인간	태도
당황	명사	인간	태도
-대00	접사	개념	수
대04	명사	개념	모양
대10	의존명사	개념	세는 말
대가족	명사	삶	친족 관계
대거02/대거01	부사/명사	개념	수
대견하다	형용사	인간	감정
대결	명사	사회생활	사회 활동
대구	명사	개념	지역
대규모	명사	개념	모양
대금02	명사	경제생활	경제 수단
대기업	명사	경제생활	경제 행위 주체
대꾸	명사	사회생활	언어 행위
대나무	명사	동식물	식물류
대낮	명사	개념	시간
대다수	명사	개념	수
대단히	부사	개념	정도
대담02	명사	사회생활	언어 행위
대담하다02	형용사	인간	태도
대답	명사	사회생활	언어 행위
대도시	명사	개념	지역
대들다	동사	사회생활	사회 활동
대등	명사	사회생활	사회 생활 상태
대량	명사	개념	양
대로02	명사	사회생활	교통 이용 장소
대륙01	명사	개념	지역
대리	명사	사회생활	직위
대리점	명사	경제생활	경제 행위 장소
대머리	명사	인간	용모
대명사	명사	사회생활	말
대목	명사	경제생활	경제 상태
대문	명사	주생활	주택 구성
대박00	명사	경제생활	경제 상태
대변	명사	인간	생리 현상
대변00	명사	사회생활	언어 행위
대보름	명사	문화	전통문화
대본	명사	문화	대중문화
대부분01/대부분02	명사/부사	개념	양
대사02	명사	정치와 행정	정치 및 행정 주체
대사관	명사	정치와 행정	공공 기관
대상자	명사	인간	사람의 종류
대수롭다	형용사	인간	태도
대여	명사	경제생활	경제 행위
대여섯02·대여섯01	수사·관형사	개념	수
대외	명사	개념	위치 및 방향
대우	명사	사회생활	사회 활동
대원	명사	인간	사람의 종류
대인02	명사	사회생활	사회 활동
대입01	명사	교육	교수 학습 행위
대장01	명사	사회생활	직위
대장02	명사	인간	신체 내부 구성
대전01	명사	개념	지역
대접01	명사	식생활	조리 도구
대접02	명사	사회생활	사회 활동
대접02	명사	사회생활	사회 활동
대졸	줄어든 말	교육	교수 학습 행위
대중가요	명사	문화	대중문화
대중교통	명사	사회생활	교통수단
대중문화	명사	문화	대중문화
대청소	명사	주생활	가사 행위
대추	명사	식생활	과일
대충	부사	개념	정도
대통령	명사	정치와 행정	정치 및 행정 주체
대폭01/대폭02	명사/부사	개념	양
대하다	동사	사회생활	사회 활동
대하다	동사	사회생활	사회 활동
대하다	동사	사회생활	사회 활동
대학	명사	교육	교육 기관
대학가	명사	개념	지역
대학교	명사	교육	교육 기관
대학생	명사	교육	교수 학습 주체
대학원	명사	교육	교육 기관
대한민국	명사	개념	지역
대항	명사	사회생활	사회 활동
대형01	명사	개념	모양
대형차	명사	사회생활	교통수단
대화	명사	사회생활	언어 행위
댓글00	명사	사회생활	소통 수단
더	부사	개념	양
더	부사	개념	양
더구나	부사	개념	접속
더듬다	동사	인간	신체 행위
더디다	형용사	개념	속도
더러00	부사	개념	빈도
더럽다	형용사	주생활	주거 상태
더부룩하다02	형용사	삶	병과 증상
더불다	동사	사회생활	사회 활동
더없이	부사	개념	정도
더욱	부사	개념	정도
더욱더	부사	개념	정도
더욱이	부사	개념	정도
더위	명사	자연	기상 및 기후
더하다02	동사	개념	양
더하다02	동사	개념	양
덕분	명사	사회생활	사회 활동
던지다	동사	인간	신체 행위
덜	부사	개념	정도
덜다	동사	개념	양
덜다	동사	개념	양
덜렁대다	동사	인간	성격
덜하다	형용사	개념	정도
덤	명사	경제생활	경제 수단
덤벼들다	동사	사회생활	사회 활동
덥다	형용사	자연	기상 및 기후
덧나다	동사	삶	병과 증상
덩어리	명사	개념	세는 말
덩치	명사	인간	용모
데	의존명사	개념	지역
데다	동사	삶	병과 증상
데려가다	동사	사회생활	사회 활동
데려오다	동사	사회생활	사회 활동
데리다	동사	사회생활	사회 활동
데모	명사	사회생활	사회 활동
데우다	동사	식생활	식사 및 조리 행위
데이트	명사	사회생활	사회 활동
데치다	동사	식생활	식사 및 조리 행위
도02	명사	개념	정도
도03	의존명사	개념	세는 말
도덕	명사	교육	전공과 교과목
도덕적01∙도덕적02	관형사∙명사	사회생활	사회 생활 상태
도둑	명사	정치와 행정	사법 및 치안 주체
도립00	명사	사회생활	사회 생활 상태
도마	명사	식생활	조리 도구
도무지	부사	개념	정도
도무지	부사	개념	정도
도박	명사	삶	여가 활동
도서관	명사	교육	학교 시설
도시	명사	개념	지역
도심	명사	개념	지역
도와주다	동사	사회생활	사회 활동
도우미	명사	사회생활	직업
도움	명사	사회생활	사회 활동
도자기	명사	문화	미술
도저히	부사	개념	정도
도중	명사	개념	시간
도착01	명사	사회생활	교통 이용 행위
도처	명사	개념	위치 및 방향
도태	명사	사회생활	사회 활동
도피	명사	사회생활	사회 활동
독감	명사	삶	병과 증상
독거노인00	명사	인간	사람의 종류
독립적01∙ 독립적02	관형사∙명사	인간	태도
독방	명사	주생활	주거 형태
독사	명사	동식물	동물류
독서	명사	삶	여가 활동
독선적01∙ 독선적02	관형사∙명사	인간	태도
독신	명사	인간	사람의 종류
독일	명사	개념	지역
독일어	명사	사회생활	말
독자03	명사	인간	사람의 종류
독자적01∙ 독자적02	관형사∙명사	인간	태도
독재	명사	정치와 행정	정치 및 행정 행위
독창성	명사	인간	능력
독창적01∙ 독창적02	관형사∙명사	인간	능력
돈01	명사	경제생활	경제 수단
돈가스	명사	식생활	음식
돈독하다	형용사	사회생활	사회 생활 상태
돌01/돌02	명사/의존명사	개념	시간
돌03	명사	자연	지표면 사물
돌려주다	동사	사회생활	사회 활동
돌리다02	동사	인간	신체 행위
돌멩이	명사	자연	지표면 사물
돌보다	동사	사회생활	사회 활동
돌보다	동사	사회생활	사회 활동
돌아다보다	동사	인간	신체 행위
돕다	동사	사회생활	사회 활동
동02	명사	개념	위치 및 방향
동02	명사	개념	위치 및 방향
동거	명사	삶	삶의 행위
동경02	명사	인간	인지 행위
동굴	명사	자연	지형
동그라미	명사	개념	모양
동그랗다	형용사	개념	모양
동남아	명사	개념	지역
동네	명사	주생활	주거 지역
동대문	명사	개념	지역
동등	명사	사회생활	사회 생활 상태
동료	명사	사회생활	인간관계
동맥	명사	인간	신체 내부 구성
동문01	명사	사회생활	인간관계
동문서답	명사	사회생활	언어 행위
동물	명사	동식물	동물류
동물원	명사	삶	여가 시설
동병상련	명사	인간	감정
동부	명사	개념	지역
동사02	명사	사회생활	말
동상02	명사	문화	미술
동생	명사	삶	친족 관계
동서남북	명사	개념	위치 및 방향
동시01	명사	개념	시간
동시통역	명사	사회생활	언어 행위
동안01	명사	개념	시간
동양	명사	개념	지역
동양인	명사	인간	사람의 종류
동요01	명사	인간	감정
동요02	명사	문화	음악
동적01∙ 동적02	관형사∙명사	개념	성질
동전	명사	경제생활	경제 수단
동정02	명사	인간	감정
동지02	명사	인간	사람의 종류
동질성	명사	인간	감정
동쪽	명사	개념	위치 및 방향
동참	명사	사회생활	사회 활동
동창회	명사	사회생활	사회 행사
동행	명사	사회생활	사회 활동
동향02	명사	개념	위치 및 방향
동호인	명사	사회생활	인간관계
동호회	명사	사회생활	사회 행사
돼지	명사	동식물	동물류
돼지고기	명사	식생활	식재료
되게	부사	개념	정도
되뇌다	동사	사회생활	언어 행위
되도록	부사	개념	정도
되돌아보다	동사	인간	인지 행위
되묻다	동사	사회생활	언어 행위
된소리	명사	사회생활	말
된장	명사	식생활	식재료
된장찌개	명사	식생활	음식
두01	관형사	개념	수
두근거리다	동사	인간	감각
두꺼비	명사	동식물	동물류
두껍다	형용사	개념	모양
두께	명사	개념	모양
두뇌	명사	인간	신체 부위
두뇌	명사	인간	신체 부위
두려움	명사	인간	감정
두려워하다	동사	인간	감정
두렵다	형용사	인간	감정
두루	부사	개념	모양
두리번거리다	동사	인간	신체 행위
두부	명사	식생활	식재료
두세	관형사	개념	수
두어	관형사	개념	수
두텁다	형용사	개념	모양
두통	명사	삶	병과 증상
두통약	명사	삶	약품류
두툼하다	형용사	개념	모양
둑	명사	자연	지형
둔하다	형용사	인간	감각
둘	수사	개념	수
둘러보다	동사	인간	신체 행위
둘레	명사	개념	모양
둘째02∙둘째01/둘째03	수사∙관형사/명사	개념	순서
둥그렇다	형용사	개념	모양
둥글다01	형용사	개념	모양
둥둥02	부사	개념	모양
뒤	명사	개념	위치 및 방향
뒤	명사	개념	시간
뒤돌아보다	동사	인간	신체 행위
뒤죽박죽	명사	개념	모양
뒤쪽	명사	개념	위치 및 방향
뒤척이다	동사	인간	신체 행위
뒤통수	명사	인간	신체 부위
뒤편	명사	개념	위치 및 방향
뒤풀이	명사	사회생활	사회 행사
뒷걸음	명사	인간	신체 행위
뒷골목	명사	개념	지역
뒷문	명사	주생활	주택 구성
뒷바라지	명사	사회생활	사회 활동
뒷전	명사	개념	순서
뒹굴다	동사	인간	신체 행위
드디어	부사	개념	시간
드라마	명사	사회생활	매체
드라이	명사	의생활	미용 행위
드라이브	명사	사회생활	교통 이용 행위
드라이어	명사	의생활	미용 행위
드라이클리닝	명사	주생활	가사 행위
드러눕다	동사	인간	신체 행위
드레스	명사	의생활	옷 종류
드리다01	동사	사회생활	사회 활동
드리다01	동사	사회생활	언어 행위
드세다	형용사	인간	태도
든든하다	형용사	인간	감정
듣다01	동사	인간	신체 행위
들01	명사	경제생활	경제 행위 장소
들다01	동사	경제생활	경제 행위
들다04	동사	인간	신체 행위
들려오다	동사	인간	감각
들려주다	동사	인간	감각
들리다01	동사	삶	병과 증상
들리다02	동사	인간	감각
들썩이다	동사	인간	신체 행위
들어가다	동사	인간	신체 행위
들어오다	동사	인간	신체 행위
들여다보다	동사	인간	신체 행위
들여다보다	동사	인간	신체 행위
들이마시다02	동사	인간	신체 행위
들이켜다	동사	인간	신체 행위
들판	명사	자연	지형
듬뿍	부사	개념	양
등01	명사	인간	신체 부위
등골01	명사	인간	신체 부위
등교	명사	교육	교수 학습 행위
등급/ 등급00	명사/의존명사	개념	순서
등기	명사	사회생활	소통 수단
등반	명사	삶	여가 활동
등산	명사	삶	여가 활동
등산복	명사	의생활	옷 종류
등지	의존명사	개념	위치 및 방향
디디다	동사	인간	신체 행위
디자이너	명사	사회생활	직업
디자인	명사	개념	모양
딛다	동사	인간	신체 행위
따갑다	형용사	인간	감각
따님	명사	삶	친족 관계
따돌리다	동사	사회생활	사회 활동
따돌림00	명사	사회생활	사회 활동
따뜻하다	형용사	자연	기상 및 기후
따라서	부사	개념	접속
따지다	동사	사회생활	언어 행위
따지다	동사	경제생활	경제 행위
딱딱하다	형용사	개념	성질
딱하다	형용사	삶	삶의 상태
딴02	관형사	개념	성질
딴02	관형사	개념	성질
딸	명사	삶	친족 관계
딸기	명사	식생활	과일
땀01	명사	인간	생리 현상
땅	명사	자연	지형
땅콩	명사	식생활	곡류
때01	의존명사	개념	시간
때때로	부사	개념	시간
때로	부사	개념	시간
때리다	동사	인간	신체에 가하는 행위
때마침	부사	개념	시간
떡01	명사	식생활	음식
떡02	부사	개념	모양
떡국	명사	식생활	음식
떡볶이	명사	식생활	음식
떨구다	동사	인간	신체 행위
떨다01	동사	인간	신체 행위
떨다01	동사	인간	신체 행위
떨리다01	동사	인간	신체 행위
떨리다01	동사	인간	신체 행위
떫다	형용사	식생활	맛
떳떳하다	형용사	인간	태도
또다시	부사	개념	시간
또래	명사	인간	사람의 종류
또렷하다	형용사	개념	모양
또한	부사	개념	접속
똑00	부사	개념	모양
똑같다	형용사	개념	모양
똑같이	부사	개념	모양
똑똑하다	형용사	인간	능력
똑똑히	부사	인간	태도
똑바로	부사	개념	모양
뚜렷이	부사	개념	모양
뚱뚱하다	형용사	인간	용모
뛰다01	동사	인간	신체 행위
뛰다01	동사	인간	신체 행위
뛰다02	동사	인간	신체 행위
뛰어가다	동사	인간	신체 행위
뛰어가다	동사	인간	신체 행위
뛰어나다	형용사	인간	능력
뛰어나오다	동사	인간	신체 행위
뛰어내리다	동사	인간	신체 행위
뛰어넘다	동사	인간	신체 행위
뛰어놀다	동사	인간	신체 행위
뛰어다니다	동사	인간	신체 행위
뛰어들다	동사	인간	신체 행위
뛰어들다	동사	인간	신체 행위
뜨겁다	형용사	개념	온도
뜨다04	동사	식생활	식사 및 조리 행위
뜨다04	동사	식생활	식사 및 조리 행위
뜨다05	동사	인간	신체 행위
뜻	명사	인간	인지 행위
라디오	명사	주생활	생활용품
라면	명사	식생활	음식
라일락00	명사	동식물	식물류
라켓	명사	삶	여가 도구
량01	명사	개념	양
러시아	명사	개념	지역
레몬	명사	식생활	과일
레스토랑	명사	식생활	식생활 관련 장소
레슬링	명사	삶	여가 활동
레저	명사	삶	여가 활동
렌터카	명사	사회생활	교통수단
-로01	접사	사회생활	교통 이용 장소
로그인	명사	사회생활	통신 행위
-론	접사	교육	전공과 교과목
리모컨	명사	주생활	생활용품
리터	의존명사	개념	양
리포터	명사	사회생활	직업
마누라	명사	삶	친족 관계
마늘00	명사	식생활	식재료
마당01	명사	주생활	주택 구성
마디	명사	개념	세는 말
마라톤	명사	삶	여가 활동
마루02	명사	주생활	주택 구성
마리	의존명사	개념	세는 말
마비	명사	삶	병과 증상
마시다	동사	식생활	식사 및 조리 행위
마을	명사	주생활	주거 지역
마음	명사	인간	인지 행위
마음먹다	동사	인간	인지 행위
마저	부사	개념	양
마중	명사	사회생활	사회 활동
마지막	명사	개념	순서
마지못하다	형용사	인간	태도
마취	명사	삶	치료 행위
마침	부사	개념	시간
마트	명사	경제생활	경제 행위 장소
마흔02∙마흔01	수사∙관형사	개념	수
막01	부사	개념	시간
막02	부사	인간	태도
막강	명사	개념	정도
막걸리	명사	식생활	음료
막내	명사	삶	친족 관계
막대하다	형용사	개념	모양
막막하다02	형용사	개념	성질
막무가내	명사	인간	태도
막연하다	형용사	인간	감정
막중하다	형용사	개념	성질
막차	명사	사회생활	교통수단
막히다	동사	사회생활	교통 이용 행위
막힘없이	부사	개념	모양
만04/만03	수사/관형사	개념	수
만05/만00	관형사/명사	개념	수
만나다	동사	사회생활	사회 활동
만남	명사	사회생활	사회 활동
만두	명사	식생활	음식
만원	명사	개념	양
만장일치	명사	사회생활	사회 생활 상태
만점	명사	개념	수
만점	명사	개념	정도
만족	명사	인간	감정
만족도	명사	인간	감정
만족스럽다	형용사	인간	감정
만지다	동사	인간	신체 행위
만화	명사	문화	미술
많다	형용사	개념	양
많아지다	동사	개념	양
많이	부사	개념	양
맏이	명사	삶	친족 관계
맏형	명사	삶	친족 관계
말01	명사	사회생활	언어 행위
말01	명사	사회생활	언어 행위
말04	명사	동식물	동물류
말06	의존명사	개념	시간
말기	명사	개념	시간
말끝	명사	사회생활	소통 수단
말다01	동사	인간	신체 행위
말다02	동사	식생활	식사 및 조리 행위
말단	명사	사회생활	직위
말레이시아	명사	개념	지역
말리다03	동사	주생활	가사 행위
말문	명사	사회생활	소통 수단
말솜씨	명사	인간	능력
말썽	명사	사회생활	사회 활동
말씀	명사	사회생활	언어 행위
말없이	부사	인간	태도
말없이	부사	인간	태도
말재주	명사	인간	능력
말하기	명사	사회생활	언어 행위
맑다	형용사	자연	기상 및 기후
맑다	형용사	자연	기상 및 기후
맛	명사	식생활	맛
맛없다	형용사	식생활	맛
맛있다	형용사	식생활	맛
망설이다	동사	인간	인지 행위
망신	명사	사회생활	사회 활동
맞다03	동사	인간	신체에 가하는 행위
맞다03	동사	인간	신체에 가하는 행위
맞벌이	명사	경제생활	경제 행위
맞은편	명사	개념	위치 및 방향
맞이하다	동사	사회생활	사회 활동
맞이하다	동사	사회생활	사회 활동
맡다02	동사	인간	신체 행위
매끄럽다	형용사	개념	성질
매년02/매년01	부사/명사	개념	시간
매니저	명사	사회생활	직업
매다01	동사	의생활	의복 착용 행위
매다01	동사	의생활	의복 착용 행위
매달02/매달01	부사/명사	개념	시간
매력	명사	인간	용모
매력적01∙ 매력적02	관형사∙명사	인간	용모
매매	명사	경제생활	경제 행위
매섭다	형용사	인간	성격
매우	부사	개념	정도
매운맛	명사	식생활	맛
매운탕	명사	식생활	음식
매일02/매일01	부사/명사	개념	시간
매입	명사	경제생활	경제 행위
매장03	명사	경제생활	경제 행위 장소
매점	명사	경제생활	경제 행위 장소
매주02/매주01	부사/명사	개념	시간
매체	명사	사회생활	매체
매출	명사	경제생활	경제 상태
매콤하다	형용사	식생활	맛
매표소	명사	삶	여가 시설
맥주	명사	식생활	음료
맨01	관형사	개념	정도
맨발	명사	인간	신체 부위
맨손	명사	인간	신체 부위
맵다	형용사	식생활	맛
맹세	명사	사회생활	사회 활동
머금다	동사	인간	신체 행위
머리	명사	인간	신체 부위
머리	명사	인간	신체 부위
머리맡	명사	개념	위치 및 방향
머리카락	명사	인간	신체 부위
머리칼	명사	인간	신체 부위
머무르다	동사	주생활	주거 행위
머물다	동사	주생활	주거 행위
머지않다	형용사	개념	시간
먹고살다	동사	삶	삶의 행위
먹구름	명사	자연	기상 및 기후
먹다02	동사	식생활	식사 및 조리 행위
먹음직스럽다	형용사	개념	모양
먹이다	동사	식생활	식사 및 조리 행위
먹히다	동사	식생활	식사 및 조리 행위
먼저02/먼저01	부사/명사	개념	순서
멀다01	동사	개념	위치 및 방향
멀리	부사	개념	위치 및 방향
멀미	명사	인간	생리 현상
멀어지다	동사	개념	위치 및 방향
멋	명사	의생활	의복 착용 상태
멋스럽다	형용사	인간	용모
멋있다	형용사	개념	모양
멋지다	형용사	의생활	의복 착용 상태
멍	명사	삶	병과 증상
멍들다	동사	삶	병과 증상
멍멍	부사	동식물	동물 소리
멍청하다	형용사	인간	태도
멍하니	부사	인간	태도
멍하다	형용사	인간	태도
메다	동사	인간	감각
메마르다	형용사	개념	성질
메모	명사	사회생활	소통 수단
메시지	명사	사회생활	소통 수단
메일	명사	사회생활	소통 수단
며느리	명사	삶	친족 관계
며칠	명사	개념	의문
면03	명사	의생활	옷감
면04	명사	식생활	음식
면담	명사	사회생활	사회 활동
면도	명사	의생활	미용 행위
면모	명사	개념	모양
면세점	명사	경제생활	경제 행위 장소
면역	명사	삶	병과 증상
면적	명사	개념	모양
면접	명사	사회생활	사회 활동
면접	명사	사회생활	사회 활동
면접시험	명사	사회생활	사회 활동
면회	명사	사회생활	사회 활동
멸치	명사	식생활	식재료
명02	의존명사	개념	세는 말
명당	명사	개념	지역
명랑	명사	인간	성격
명령	명사	사회생활	언어 행위
명료하다	형용사	개념	성질
명백하다	형용사	개념	성질
명사02	명사	사회생활	말
명상	명사	인간	인지 행위
명소	명사	삶	여가 시설
명승지	명사	삶	여가 시설
명심00	명사	인간	인지 행위
명칭	명사	사회생활	언어 행위
명품	명사	경제생활	경제 산물
명확히	부사	개념	성질
몇01/몇02	수사/관형사	개념	의문
몇몇02/몇몇01	관형사/수사	개념	수
모06/모07	대명사/관형사	개념	지시
모국어	명사	사회생활	말
모금01	의존명사	개념	세는 말
모기	명사	동식물	곤충류
모니터	명사	주생활	생활용품
모델	명사	사회생활	직업
모두01/모두02	명사/부사	개념	수
모든	관형사	개념	수
모래	명사	자연	지표면 사물
모레02/모레01	부사/명사	개념	시간
모르다	동사	인간	인지 행위
모발	명사	인간	신체 부위
모방	명사	인간	인지 행위
모색	명사	인간	인지 행위
모서리	명사	개념	모양
모습	명사	개념	모양
모양01	명사	개념	모양
모욕	명사	사회생활	언어 행위
모유	명사	식생활	음료
모음	명사	교육	학문 용어
모임	명사	사회생활	사회 활동
모자01	명사	삶	친족 관계
모자02	명사	의생활	모자, 신발, 장신구
모자라다	동사	개념	양
모조리	부사	개념	양
모퉁이	명사	개념	지역
모형	명사	개념	모양
모호하다	형용사	개념	성질
목01	명사	인간	신체 부위
목02	명사	개념	시간
목걸이	명사	의생활	모자, 신발, 장신구
목격	명사	정치와 행정	사법 및 치안 행위
목격자	명사	정치와 행정	사법 및 치안 주체
목구멍	명사	인간	신체 부위
목덜미	명사	인간	신체 부위
목도리	명사	의생활	모자, 신발, 장신구
목돈	명사	경제생활	경제 수단
목마르다01	형용사	인간	생리 현상
목사	명사	종교	종교인
목소리	명사	인간	생리 현상
목요일	명사	개념	시간
목욕	명사	삶	일상 행위
목욕탕	명사	주생활	주택 구성
목장	명사	경제생활	경제 행위 장소
목적어	명사	교육	학문 용어
목적지	명사	개념	지역
몰두하다	동사	인간	인지 행위
몰라보다	동사	인간	인지 행위
몰락	명사	경제생활	경제 상태
몰려가다	동사	인간	신체 행위
몰려오다	동사	인간	신체 행위
몰아쉬다	동사	인간	신체 행위
몸	명사	인간	신체 부위
몸매	명사	인간	용모
몸무게	명사	인간	용모
몸살	명사	삶	병과 증상
몸속	명사	인간	신체 부위
몸통	명사	인간	신체 부위
몹시	부사	개념	정도
못나다	형용사	인간	능력
못되다	형용사	인간	성격
못마땅하다	형용사	인간	감정
못생기다	형용사	인간	용모
못하다01/못하다02	동사/형용사	인간	능력
몽골	명사	개념	지역
몽땅01	부사	개념	양
묘미	명사	인간	감정
묘하다	형용사	개념	성질
무01	명사	식생활	채소
무겁다	형용사	개념	성질
무게	명사	개념	성질
무공해	명사	자연	기상 및 기후
무궁무진	명사	개념	양
무궁화	명사	동식물	식물류
무기	명사	정치와 행정	무기
무기력	명사	인간	능력
무난하다	형용사	인간	성격
무난하다	형용사	인간	성격
무더위	명사	자연	기상 및 기후
무덥다	형용사	자연	기상 및 기후
무뚝뚝하다	형용사	인간	성격
무려	부사	개념	수
무력01	명사	정치와 행정	정치 및 치안 상태
무렵	의존명사	개념	시간
무례	명사	인간	태도
무료01	명사	경제생활	경제 행위
무르다03	형용사	인간	성격
무르익다	동사	동식물	동식물 행위
무릎	명사	인간	신체 부위
무모하다	형용사	인간	태도
무병장수00	명사	인간	체력 상태
무분별	명사	인간	태도
무상02	명사	경제생활	경제 상태
무서워하다	동사	인간	감정
무선	명사	사회생활	통신 행위
무섭다	형용사	인간	감정
무성하다	형용사	개념	양
무소식	명사	사회생활	사회 생활 상태
무수하다	형용사	개념	수
무수히	부사	개념	수
무술	명사	삶	여가 활동
무슨	관형사	개념	의문
무시무시하다	형용사	인간	감정
무식	명사	인간	능력
무심코	부사	인간	태도
무심히	부사	인간	태도
무언	명사	사회생활	언어 행위
무엇	대명사	개념	의문
무역	명사	경제생활	경제 행위
무용03	명사	문화	예술
무응답	명사	사회생활	언어 행위
무인도	명사	자연	지형
무작정01/ 무작정02	명사/부사	인간	태도
무지개	명사	자연	기상 및 기후
무차별적01/ 무차별적02	관형사∙명사	인간	태도
무척	부사	개념	정도
무한	명사	개념	양
무형	명사	개념	모양
묵념	명사	인간	인지 행위
묵다01	동사	개념	성질
묵다02	동사	주생활	주거 행위
묵묵히	부사	인간	태도
묵직하다	형용사	개념	성질
묶다	동사	인간	신체 행위
묶다	동사	인간	신체 행위
묶이다	동사	인간	신체 행위
묶이다	동사	인간	신체 행위
문02	명사	주생활	주택 구성
문과	명사	교육	전공과 교과목
문구01	명사	사회생활	소통 수단
문단01	명사	교육	학문 용어
문안02	명사	사회생활	소통 수단
문어02	명사	동식물	동물류
문의	명사	사회생활	언어 행위
문지르다	동사	인간	신체 행위
문학	명사	문화	문학
문헌	명사	사회생활	매체
문화	명사	문화	문화 활동
문화생활	명사	문화	문화 활동
문화유산	명사	문화	전통문화
문화재	명사	문화	전통문화
묻다03	동사	사회생활	언어 행위
물01	명사	식생활	음료
물가01	명사	개념	지역
물가02	명사	경제생활	경제 수단
물고기	명사	동식물	동물류
물끄러미	부사	인간	태도
물다01	동사	동식물	동식물 행위
물들이다	동사	인간	신체 행위
물량	명사	개념	양
물러가다	동사	사회생활	사회 활동
물려받다	동사	경제생활	경제 행위
물려주다	동사	경제생활	경제 행위
물리	명사	교육	전공과 교과목
물리적01/ 물리적02	관형사∙명사	개념	성질
물리치다	동사	사회생활	사회 활동
물방울	명사	개념	모양
물약	명사	삶	약품류
물어보다	동사	사회생활	언어 행위
물음	명사	사회생활	언어 행위
물자	명사	경제생활	경제 산물
물질적01∙물질적02	관형사∙명사	경제생활	경제 행위
물품	명사	경제생활	경제 산물
뭉클하다	형용사	인간	감정
뭐01	대명사	개념	의문
뮤지컬	명사	문화	대중문화
미01	명사	개념	성질
미각	명사	인간	감각
미국	명사	개념	지역
미국인00	명사	인간	사람의 종류
미끄러지다	동사	인간	신체 행위
미끄럽다	형용사	개념	성질
미남	명사	인간	사람의 종류
미녀	명사	인간	사람의 종류
미니	명사	개념	모양
미덕	명사	인간	태도
미디어	명사	사회생활	매체
미래	명사	개념	시간
미련02	명사	인간	감정
미루다	동사	개념	시간
미리	부사	개념	시간
미만	명사	개념	수
미모	명사	인간	용모
미묘하다	형용사	개념	성질
미사	명사	종교	종교 행위
미성년자	명사	인간	사람의 종류
미소	명사	인간	신체 행위
미숙하다	형용사	인간	능력
미술	명사	문화	미술
미술가	명사	문화	문화 활동 주체
미술관	명사	문화	문화생활 장소
미아	명사	인간	사람의 종류
미안	명사	인간	감정
미약하다	형용사	인간	능력
미어지다	동사	인간	감정
미역02	명사	식생활	식재료
미역국	명사	식생활	음식
미용	명사	의생활	미용 행위
미용사	명사	사회생활	직업
미용실	명사	의생활	의생활 관련 장소
미움	명사	인간	감정
미인	명사	인간	사람의 종류
미장원	명사	의생활	의생활 관련 장소
미지근하다	형용사	개념	온도
미치다01	동사	인간	인지 행위
미치다01	동사	인간	인지 행위
미터	의존명사	개념	세는 말
미팅	명사	사회생활	사회 행사
미혼모	명사	인간	사람의 종류
민간	명사	사회생활	사회 생활 상태
민간단체00	명사	정치와 행정	정치 및 행정 주체
민감하다	형용사	인간	감정
민망하다	형용사	인간	감정
민박	명사	주생활	주거 형태
민속	명사	문화	전통문화
민족주의	명사	정치와 행정	정치 및 치안 상태
민주	명사	정치와 행정	정치 및 치안 상태
민주적01∙ 민주적02	관형사∙명사	정치와 행정	정치 및 치안 상태
민주주의	명사	정치와 행정	정치 및 치안 상태
민주화	명사	정치와 행정	정치 및 치안 상태
민첩하다	형용사	인간	태도
믿다	동사	인간	인지 행위
믿다	동사	종교	종교 행위
믿음	명사	인간	감정
밀가루	명사	식생활	식재료
밀다	동사	인간	신체 행위
밀다	동사	인간	신체 행위
밀도	명사	개념	정도
밀리미터	의존명사	개념	세는 말
밀림	명사	자연	지형
밀어붙이다	동사	사회생활	사회 활동
밀어주다	동사	사회생활	사회 활동
밉다	형용사	인간	감정
및	부사	개념	접속
밑	명사	개념	위치 및 방향
밑창	명사	의생활	모자, 신발, 장신구
바깥	명사	개념	위치 및 방향
바꾸다	동사	사회생활	사회 활동
바꾸다	동사	사회생활	통신 행위
바나나	명사	식생활	과일
바다	명사	자연	지형
바닥	명사	주생활	주택 구성
바닷가	명사	자연	지형
바둑	명사	삶	여가 활동
바라다	동사	인간	인지 행위
바라다보다	동사	인간	신체 행위
바라보다	동사	인간	신체 행위
바람01	명사	자연	기상 및 기후
바람03	명사	인간	인지 행위
바래다01	동사	개념	색깔
바래다주다	동사	사회생활	사회 활동
바로	부사	개념	모양
바르다01	동사	삶	치료 행위
바르다03	형용사	인간	태도
바르다03	형용사	인간	태도
바보	명사	인간	사람의 종류
바쁘다	형용사	삶	삶의 상태
바삐	부사	삶	삶의 상태
바싹	부사	개념	정도
바싹	부사	개념	정도
바위	명사	자연	지표면 사물
바이올린	명사	삶	여가 도구
바자회	명사	경제생활	경제 행위 장소
바지	명사	의생활	옷 종류
바짝	부사	개념	위치 및 방향
바퀴01/바퀴02	명사/의존명사	개념	세는 말
바퀴벌레	명사	동식물	곤충류
박02	의존명사	개념	시간
박람회	명사	문화	문화생활 장소
박물관	명사	문화	문화생활 장소
박사	명사	교육	학문 행위
박수	명사	인간	신체 행위
박자	명사	개념	속도
밖	명사	개념	위치 및 방향
반01	명사	개념	양
반02	명사	교육	학교 시설
반감	명사	인간	감정
반갑다	형용사	인간	감정
반기다	동사	사회생활	사회 활동
반나절	명사	개념	시간
반달01	명사	자연	천체
반대	명사	개념	위치 및 방향
반대쪽	명사	개념	위치 및 방향
반도	명사	자연	지형
반듯하다	형용사	개념	모양
반론	명사	사회생활	언어 행위
반목	명사	인간	감정
반문	명사	사회생활	언어 행위
반바지	명사	의생활	옷 종류
반박	명사	사회생활	언어 행위
반반	명사	개념	양
반성	명사	인간	인지 행위
반세기	명사	개념	시간
반주01	명사	문화	음악
반지	명사	의생활	모자, 신발, 장신구
반짝거리다	동사	개념	밝기
반짝반짝01	부사	개념	밝기
반짝이다	동사	개념	밝기
반쪽	명사	개념	모양
반찬	명사	식생활	음식
반창고	명사	삶	병과 증상
반칙	명사	사회생활	사회 활동
반팔	명사	의생활	옷 종류
반품	명사	경제생활	경제 행위
반하다01	동사	인간	인지 행위
반하다02	동사	사회생활	사회 활동
반항	명사	사회생활	사회 활동
반환점	명사	개념	위치 및 방향
받다01	동사	사회생활	사회 활동
받들다	동사	인간	태도
발01	명사	인간	신체 부위
발가락	명사	인간	신체 부위
발꿈치	명사	인간	신체 부위
발돋움	명사	인간	신체 행위
발등	명사	인간	신체 부위
발라드	명사	문화	음악
발령	명사	사회생활	직장 생활
발목	명사	인간	신체 부위
발바닥	명사	인간	신체 부위
발병02	명사	삶	병과 증상
발상02	명사	인간	인지 행위
발신자	명사	사회생활	인간관계
발언	명사	사회생활	언어 행위
발전01	명사	경제생활	경제 행위
발전소	명사	경제생활	경제 행위 장소
발짝	의존명사	개념	세는 말
발톱	명사	인간	신체 부위
발표자	명사	인간	사람의 종류
발표회	명사	사회생활	사회 행사
발효01	명사	정치와 행정	정치 및 행정 행위
발효02	명사	동식물	동식물 행위
발휘	명사	인간	능력
밝다02/밝다01	형용사/동사	개념	밝기
밝다02/밝다01	형용사/동사	개념	밝기
밝혀내다	동사	인간	인지 행위
밝혀지다	동사	인간	인지 행위
밝혀지다	동사	인간	인지 행위
밝히다	동사	개념	밝기
밟다	동사	인간	신체 행위
밟히다	동사	인간	신체 행위
밤02	명사	식생활	과일
밤01	명사	개념	시간
밤낮01/밤낮02	명사/부사	개념	시간
밤낮없이	부사	개념	빈도
밤늦다	형용사	개념	시간
밤새	명사	개념	시간
밤색	명사	개념	색깔
밤중	명사	개념	시간
밥	명사	식생활	음식
밥	명사	식생활	음식
밥그릇	명사	식생활	조리 도구
밥맛	명사	식생활	맛
밥솥	명사	식생활	조리 도구
방01	명사	주생활	주택 구성
방귀	명사	인간	생리 현상
방금02/방금01	부사/명사	개념	시간
방문02	명사	주생활	주택 구성
방문03	명사	사회생활	사회 활동
방바닥	명사	주생활	주택 구성
방범	명사	정치와 행정	사법 및 치안 행위
방송01	명사	사회생활	매체
방송국	명사	사회생활	직장
방송인	명사	문화	문화 활동 주체
방영	명사	문화	문화 활동
방울01	명사	개념	모양
방울01	명사	개념	세는 말
방청객	명사	문화	문화 활동 주체
방향	명사	개념	위치 및 방향
밭	명사	경제생활	경제 행위 장소
배01	명사	인간	신체 부위
배02	명사	사회생활	교통수단
배03	명사	식생활	과일
배05	명사	개념	세는 말
배고프다	형용사	인간	생리 현상
배구	명사	삶	여가 활동
배꼽	명사	인간	신체 부위
배달02	명사	경제생활	경제 행위
배드민턴	명사	삶	여가 활동
배부르다	형용사	인간	생리 현상
배역	명사	문화	문화 활동
배우	명사	문화	문화 활동 주체
배우다	동사	교육	교수 학습 행위
배웅	명사	사회생활	사회 활동
배추	명사	식생활	채소
배탈	명사	삶	병과 증상
배편	명사	사회생활	교통수단
배포	명사	사회생활	통신 행위
백00	명사	의생활	모자, 신발, 장신구
백02∙백01	수사∙관형사	개념	수
백과사전	명사	사회생활	매체
백만02∙백만01	수사∙관형사	개념	수
백지	명사	교육	학습 관련 사물
백혈병	명사	삶	병과 증상
백화점	명사	경제생활	경제 행위 장소
뱀	명사	동식물	동물류
뱃속	명사	인간	신체 부위
뱉다	동사	인간	신체 행위
버럭	부사	인간	소리
버릇	명사	삶	일상 행위
버릇없다	형용사	인간	태도
버섯02	명사	식생활	채소
버스	명사	사회생활	교통수단
버터	명사	식생활	식재료
벅차다	형용사	인간	감정
번	의존명사	개념	세는 말
번개	명사	자연	기상 및 기후
번번이	부사	개념	빈도
번째	의존명사	개념	세는 말
번호	명사	개념	세는 말
벌02	의존명사	개념	세는 말
벌03	명사	동식물	곤충류
벌겋다	형용사	개념	색깔
벌금	명사	정치와 행정	사법 및 치안 행위
벌다02	동사	경제생활	경제 행위
벌레	명사	동식물	곤충류
벌써	부사	개념	시간
벌어지다01	동사	인간	용모
벌판	명사	자연	지형
범위	명사	개념	지역
범인02	명사	정치와 행정	사법 및 치안 주체
범죄	명사	정치와 행정	사법 및 치안 행위
범죄자	명사	정치와 행정	사법 및 치안 주체
범하다	동사	사회생활	사회 활동
범행	명사	정치와 행정	사법 및 치안 행위
-법	접사	정치와 행정	사법 및 치안 행위
법01	명사	정치와 행정	사법 및 치안 행위
법규	명사	정치와 행정	사법 및 치안 행위
법대00	명사	교육	교육 기관
법률	명사	정치와 행정	사법 및 치안 행위
법률가	명사	정치와 행정	사법 및 치안 주체
법안	명사	정치와 행정	사법 및 치안 행위
법원01	명사	정치와 행정	공공 기관
법적01∙법적02	관형사∙명사	정치와 행정	사법 및 치안 행위
법정01	명사	정치와 행정	사법 및 치안 행위
벗	명사	사회생활	인간관계
벗기다	동사	의생활	의복 착용 행위
벗다	동사	의생활	의복 착용 행위
벚꽃	명사	동식물	식물류
베개	명사	주생활	생활용품
베끼다	동사	교육	교수 학습 행위
베다01	동사	인간	신체 행위
베다02	동사	인간	신체 행위
베란다	명사	주생활	주택 구성
베스트셀러	명사	문화	문학
베트남	명사	개념	지역
베풀다	동사	사회생활	사회 활동
벤처	명사	경제생활	경제 행위
벨트	명사	의생활	모자, 신발, 장신구
벼	명사	식생활	곡류
벼락	명사	자연	기상 및 기후
벼르다	동사	인간	인지 행위
벽	명사	주생활	주택 구성
벽돌	명사	주생활	주택 구성
벽시계	명사	주생활	생활용품
벽화	명사	문화	전통문화
변02	명사	개념	위치 및 방향
변기	명사	주생활	생활용품
변덕	명사	인간	감정
변덕스럽다	형용사	인간	성격
변두리	명사	주생활	주거 지역
변명	명사	사회생활	언어 행위
변모	명사	인간	신체 변화
변비	명사	삶	병과 증상
변신	명사	인간	신체 변화
변형	명사	인간	신체 변화
변호사	명사	정치와 행정	사법 및 치안 주체
별01	명사	자연	천체
별02	관형사	개념	정도
별나다	형용사	인간	성격
별로01	부사	개념	정도
병01	명사	삶	병과 증상
병02	명사	개념	세는 말
병동	명사	삶	치료 시설
병들다	동사	삶	병과 증상
병명	명사	삶	병과 증상
병문안	명사	사회생활	사회 활동
병상	명사	삶	병과 증상
병세	명사	삶	병과 증상
병아리	명사	동식물	동물류
병원	명사	삶	치료 시설
보건소	명사	삶	치료 시설
보내다	동사	사회생활	사회 활동
보내다	동사	사회생활	사회 활동
보다01	동사	인간	신체 행위
보다01	동사	인간	신체 행위
보다01	동사	사회생활	사회 활동
보다01	동사	교육	교수 학습 행위
보다04	부사	개념	정도
보라색	명사	개념	색깔
보람	명사	인간	감정
보름	명사	개념	시간
보름	명사	개념	시간
보름달	명사	자연	천체
보리	명사	식생활	곡류
보리차	명사	식생활	음료
보살피다	동사	사회생활	사회 활동
보상01	명사	정치와 행정	사법 및 치안 행위
보상01	명사	정치와 행정	사법 및 치안 행위
보상금02	명사	경제생활	경제 수단
보수02	명사	경제생활	경제 수단
보수적01∙ 보수적02	관형사∙명사	인간	성격
보안	명사	정치와 행정	사법 및 치안 행위
보약	명사	식생활	음식
보육	명사	삶	삶의 행위
보이다01	동사	인간	감각
보이다01	동사	인간	인지 행위
보일러	명사	주생활	생활용품
보자기	명사	주생활	생활용품
보잘것없다	형용사	개념	성질
보조금	명사	경제생활	경제 수단
보증금	명사	경제생활	경제 수단
보행자	명사	인간	사람의 종류
보험	명사	경제생활	경제 수단
보험료	명사	경제생활	경제 수단
복권02	명사	경제생활	경제 수단
복귀	명사	사회생활	사회 활동
복부	명사	인간	신체 부위
복숭아	명사	식생활	과일
복습	명사	교육	교수 학습 행위
복용	명사	삶	병과 증상
복장	명사	의생활	의복 착용 상태
복제	명사	사회생활	통신 행위
복종	명사	사회생활	사회 활동
복지	명사	정치와 행정	정치 및 행정 행위
복통	명사	삶	병과 증상
볶다	동사	식생활	식사 및 조리 행위
볶음	명사	식생활	음식
볶음밥	명사	식생활	음식
본국	명사	개념	지역
본문	명사	교육	학문 용어
본받다	동사	사회생활	사회 활동
본사	명사	경제생활	경제 행위 장소
본선	명사	사회생활	사회 행사
본성	명사	인간	성격
본인01/본인02	명사/대명사	개념	인칭
본전	명사	경제생활	경제 수단
볼거리	명사	삶	병과 증상
볼링	명사	삶	여가 활동
볼펜	명사	교육	학습 관련 사물
봄	명사	개념	시간
봉사자	명사	사회생활	인간관계
봉우리	명사	자연	지형
봉지	명사	개념	세는 말
봉투	명사	교육	학습 관련 사물
뵈다02	동사	사회생활	사회 활동
뵙다	동사	사회생활	사회 활동
부고02	명사	사회생활	소통 수단
부과	명사	경제생활	경제 행위
부끄러움	명사	인간	감정
부끄러워하다	동사	인간	감정
부끄러워하다	동사	인간	감정
부끄럽다	형용사	인간	감정
부끄럽다	형용사	인간	감정
부담감	명사	인간	감정
부담스럽다	형용사	인간	감정
부도01	명사	경제생활	경제 상태
부도나다	동사	경제생활	경제 상태
부드럽다	형용사	개념	성질
부드럽다	형용사	개념	성질
부드럽다	형용사	개념	성질
부러워하다	동사	인간	감정
부럽다	형용사	인간	감정
부르다01	동사	삶	여가 활동
부르다02	형용사	인간	감각
부르짖다	동사	사회생활	언어 행위
부릅뜨다	동사	인간	신체 행위
부리다01	동사	사회생활	사회 활동
부리다02	동사	의생활	의복 착용 상태
부모	명사	삶	친족 관계
부모님	명사	삶	친족 관계
부부	명사	삶	친족 관계
부분	명사	개념	정도
부분적01∙부분적02	관형사∙명사	개념	양
부사	명사	사회생활	말
부산02	명사	개념	지역
부상01	명사	삶	병과 증상
부시다02	형용사	인간	감각
부실	명사	인간	체력 상태
부양	명사	삶	삶의 행위
부엌	명사	식생활	식생활 관련 장소
부유층	명사	경제생활	경제 상태
부유하다02	형용사	경제생활	경제 상태
부응	명사	사회생활	사회 활동
부인01	명사	삶	친족 관계
부인03	명사	삶	친족 관계
부인02	명사	사회생활	언어 행위
부임	명사	사회생활	직장 생활
부자01	명사	삶	친족 관계
부자02	명사	인간	사람의 종류
부장	명사	사회생활	직위
부정적01∙부정적02	관형사·명사	인간	성격
부족01	명사	개념	양
부지런하다	형용사	인간	태도
부지런히	부사	인간	태도
부진	명사	인간	능력
부채01	명사	경제생활	경제 행위
부처01	명사	종교	신앙 대상
부츠	명사	의생활	모자, 신발, 장신구
부치다01	동사	인간	능력
부치다02	동사	사회생활	통신 행위
부치다04	동사	식생활	식사 및 조리 행위
부탁	명사	사회생활	사회 활동
부풀다	동사	개념	모양
부풀리다	동사	개념	모양
부피	명사	개념	모양
부하02	명사	사회생활	인간관계
부활	명사	종교	종교어
북01	명사	문화	음악
북02	명사	개념	위치 및 방향
북극	명사	개념	지역
북미	명사	개념	지역
북받치다	동사	인간	감정
북부	명사	개념	지역
북적거리다	동사	개념	양
북쪽	명사	개념	위치 및 방향
북한	명사	개념	지역
북향	명사	개념	위치 및 방향
분01	의존명사	개념	세는 말
분02	의존명사	개념	세는 말
분간	명사	인간	인지 행위
분기	명사	개념	시간
분노	명사	인간	감정
분량	명사	개념	양
분명하다	형용사	개념	정도
분명하다	형용사	개념	정도
분배	명사	경제생활	경제 행위
분별	명사	인간	인지 행위
분분하다	형용사	개념	양
분석	명사	인간	인지 행위
분식	명사	식생활	음식
분열	명사	사회생활	사회 생활 상태
분유	명사	식생활	음료
분쟁	명사	사회생활	사회 활동
분주하다02	형용사	삶	삶의 상태
분필	명사	교육	학습 관련 사물
분하다	형용사	인간	감정
분홍색	명사	개념	색깔
불01	명사	주생활	가사 행위
불가	명사	인간	능력
불가능	명사	인간	능력
불경02	명사	종교	종교 활동 도구
불경기	명사	경제생활	경제 상태
불고기	명사	식생활	음식
불교	명사	종교	종교 유형
불길하다	형용사	인간	감정
불꽃놀이	명사	삶	여가 활동
불다	동사	자연	기상 및 기후
불다	동사	삶	여가 활동
불량	명사	개념	성질
불러내다	동사	사회생활	사회 활동
불러들이다	동사	사회생활	사회 활동
불러오다	동사	사회생활	사회 활동
불리다01	동사	사회생활	언어 행위
불만	명사	인간	감정
불만족	명사	인간	감정
불만족스럽다	형용사	인간	감정
불면증	명사	삶	병과 증상
불법01	명사	정치와 행정	사법 및 치안 행위
불분명하다	형용사	개념	성질
불상	명사	종교	종교 활동 도구
불성실	명사	인간	태도
불신	명사	인간	인지 행위
불쌍하다	형용사	인간	감정
불안	명사	인간	감정
불안감	명사	인간	감정
불어	명사	사회생활	말
불어넣다	동사	인간	신체 행위
불우	명사	삶	삶의 상태
불참	명사	사회생활	사회 활동
불충분	명사	개념	양
불치병	명사	삶	병과 증상
불친절	명사	인간	태도
불쾌	명사	인간	감정
불쾌지수	명사	삶	병과 증상
불투명	명사	개념	성질
불편	명사	주생활	주거 상태
불평01	명사	사회생활	언어 행위
불행	명사	삶	삶의 상태
불행히	부사	삶	삶의 상태
불화	명사	사회생활	사회 생활 상태
불황	명사	경제생활	경제 상태
불효자00	명사/대명사	사회생활	인간관계
붉다	형용사	개념	색깔
붉은색	명사	개념	색깔
붐	명사	사회생활	사회 생활 상태
붓	명사	교육	학습 관련 사물
붓다01	동사	삶	병과 증상
붓다02	동사	식생활	식사 및 조리 행위
붕대	명사	삶	치료 행위
뷔페	명사	식생활	식생활 관련 장소
브랜드	명사	경제생활	경제 산물
브레이크	명사	사회생활	교통수단
블라우스	명사	의생활	옷 종류
블로그00	명사	사회생활	소통 수단
비01	명사	자연	기상 및 기후
비겁하다	형용사	인간	태도
비관적01∙ 비관적02	관형사∙명사	인간	태도
비굴하다	형용사	인간	태도
비기다02	동사	사회생활	언어 행위
비난	명사	사회생활	언어 행위
비누	명사	주생활	생활용품
비다	동사	개념	양
비둘기	명사	동식물	동물류
비디오	명사	사회생활	매체
비뚤어지다	동사	개념	모양
비리	명사	정치와 행정	사법 및 치안 행위
비리다	형용사	식생활	맛
비만01	명사	삶	병과 증상
비명02	명사	인간	신체 행위
비바람	명사	자연	기상 및 기후
비방02	명사	사회생활	언어 행위
비비다	동사	인간	신체 행위
비비다	동사	식생활	식사 및 조리 행위
비빔밥	명사	식생활	음식
비상하다	형용사	인간	능력
비서	명사	사회생활	직업
비속어	명사	사회생활	말
비스듬히	부사	개념	모양
비슷하다	형용사	개념	모양
비싸다	형용사	경제생활	경제 상태
비염	명사	삶	병과 증상
비용	명사	경제생활	경제 수단
비웃다	동사	사회생활	언어 행위
비웃음	명사	인간	태도
비위	명사	인간	신체 부위
비유	명사	사회생활	언어 행위
비율	명사	개념	정도
비좁다	형용사	개념	모양
비틀거리다	동사	인간	신체 행위
비판	명사	사회생활	언어 행위
비판적01∙비판적02	관형사∙명사	인간	성격
비평	명사	사회생활	언어 행위
비하	명사	사회생활	언어 행위
비행기	명사	사회생활	교통수단
비행장	명사	사회생활	교통 이용 장소
빈곤	명사	경제생활	경제 상태
빈도	명사	개념	빈도
빈둥거리다	동사	인간	태도
빈민	명사	경제생활	경제 상태
빈번하다	형용사	개념	빈도
빈부	명사	경제생활	경제 상태
빈소	명사	삶	가족 행사
빈털터리	명사	경제생활	경제 상태
빈틈없다	형용사	인간	성격
빈틈없이	부사	인간	태도
빈혈	명사	삶	병과 증상
빌딩	명사	주생활	건물 종류
빌리다	동사	경제생활	경제 행위
빗	명사	의생활	미용 행위
빗기다	동사	의생활	미용 행위
빗다	동사	의생활	미용 행위
빗방울	명사	자연	기상 및 기후
빗줄기	명사	자연	기상 및 기후
빙산	명사	자연	지형
빙수	명사	식생활	음식
빙하	명사	자연	지형
빚	명사	경제생활	경제 수단
빛	명사	개념	밝기
빛	명사	개념	밝기
빛깔	명사	개념	색깔
빛나다	동사	개념	밝기
빛내다	동사	개념	밝기
빠듯하다	형용사	경제생활	경제 상태
빠르다	형용사	개념	속도
빡빡하다	형용사	인간	태도
빨간색	명사	개념	색깔
빨강	명사	개념	색깔
빨갛다	형용사	개념	색깔
빨개지다	동사	개념	색깔
빨다01	동사	인간	신체 행위
빨다02	동사	주생활	가사 행위
빨래	명사	주생활	가사 행위
빨래	명사	주생활	가사 행위
빨리	부사	개념	속도
빵01	명사	식생활	음식
빵집	명사	식생활	식생활 관련 장소
빼다01	동사	개념	수
빼다01	동사	인간	신체 변화
뺏기다	동사	사회생활	사회 활동
뺑소니	명사	정치와 행정	사법 및 치안 행위
뺨	명사	인간	신체 부위
뺨치다	동사	인간	능력
뼈	명사	인간	신체 내부 구성
뽀뽀	명사	인간	신체에 가하는 행위
뽐내다	동사	인간	태도
뾰족하다	형용사	개념	모양
뿌듯하다	형용사	인간	감정
뿌리	명사	동식물	식물의 부분
뿔01	명사	동식물	동물의 부분
뿜다	동사	인간	신체 행위
뿜어내다	동사	인간	신체 행위
삐다	동사	삶	병과 증상
사01/사02	수사/관형사	개념	수
사거리	명사	사회생활	교통 이용 장소
사격	명사	정치와 행정	무기
사계절	명사	개념	시간
사고01	명사	사회생활	교통 이용 행위
사고02	명사	인간	인지 행위
사고력	명사	인간	인지 행위
사고방식	명사	인간	인지 행위
사공	명사	사회생활	직업
사과01	명사	식생활	과일
사과02	명사	사회생활	언어 행위
사교02	명사	사회생활	사회 활동
사교육	명사	교육	교수 학습 행위
사교적01∙ 사교적02	관형사∙명사	인간	성격
사귀다	동사	사회생활	사회 활동
사극	명사	문화	대중문화
사기01	명사	인간	감정
사나이	명사	인간	사람의 종류
사납다	형용사	인간	성격
사내01	명사	인간	사람의 종류
사다	동사	경제생활	경제 행위
사다	동사	경제생활	경제 행위
사람	명사	인간	사람의 종류
사람	명사	인간	사람의 종류
사랑01	명사	인간	감정
사랑스럽다	형용사	인간	감정
사로잡히다	동사	인간	인지 행위
사막	명사	자연	지형
사망	명사	삶	삶의 행위
사무	명사	사회생활	직장 생활
사무실	명사	사회생활	직장 생활
사무직	명사	사회생활	직업
사물놀이	명사	문화	전통문화
사방	명사	개념	위치 및 방향
사법	명사	정치와 행정	사법 및 치안 행위
사법부	명사	정치와 행정	정치 및 행정 주체
사복	명사	의생활	옷 종류
사상01	명사	개념	시간
사상02	명사	인간	인지 행위
사슴	명사	동식물	동물류
사시사철	명사	개념	시간
사십01/사십02	수사/관형사	개념	수
사양02	명사	사회생활	사회 활동
사업	명사	경제생활	경제 행위
사업가	명사	경제생활	경제 행위 주체
사업자	명사	경제생활	경제 행위 주체
사업주00	명사	경제생활	경제 행위 주체
사업체	명사	경제생활	경제 행위 장소
사용자	명사	인간	사람의 종류
사원	명사	종교	종교 활동 장소
사월	명사	개념	시간
사위	명사	삶	친족 관계
사은품	명사	경제생활	경제 수단
사이	명사	개념	위치 및 방향
사이	명사	사회생활	인간관계
사이다	명사	식생활	음료
사이즈	명사	개념	모양
사인02	동사	사회생활	소통 수단
사자02	명사	동식물	동물류
사자성어00	명사	사회생활	말
사장	명사	사회생활	직위
사적01∙사적02	관형사∙명사	사회생활	사회 활동
사전01	명사	개념	시간
사전02	명사	교육	학습 관련 사물
사전00	명사	교육	학습 관련 사물
사지01	명사	인간	신체 부위
사진	명사	문화	예술
사촌	명사	삶	친족 관계
사춘기	명사	개념	시간
사탕	명사	식생활	음식
사퇴	명사	사회생활	사회 활동
사표02	명사	사회생활	직장 생활
사형	명사	정치와 행정	사법 및 치안 행위
사회자	명사	인간	사람의 종류
사회적01∙사회적02	관형사∙명사	사회생활	사회 활동
사회주의	명사	정치와 행정	정치 및 치안 상태
사후02	명사	개념	시간
사흘	명사	개념	시간
-산	접사	경제생활	경제 행위
산01	명사	자연	지형
산간	명사	자연	지형
산골	명사	자연	지형
산길	명사	자연	지형
산꼭대기	명사	자연	지형
산더미	명사	개념	양
산맥	명사	자연	지형
산모	명사	인간	사람의 종류
산사태	명사	자연	재해
산성	명사	교육	학문 용어
산성비	명사	자연	재해
산소02	명사	교육	학문 용어
산속	명사	자연	지형
산책	명사	삶	여가 활동
살01	명사	인간	신체 부위
살03	의존명사	개념	세는 말
살금살금	부사	개념	모양
살다	동사	삶	삶의 행위
살다	동사	삶	삶의 행위
살며시	부사	개념	모양
살아가다	동사	삶	일상 행위
살찌다	동사	인간	신체 변화
살펴보다	동사	인간	인지 행위
살해	명사	정치와 행정	사법 및 치안 행위
삶다	동사	주생활	가사 행위
삼01/삼02	수사/관형사	개념	수
삼거리	명사	사회생활	교통 이용 장소
삼겹살	명사	식생활	식재료
삼계탕	명사	식생활	음식
삼다	동사	사회생활	사회 활동
삼림욕	명사	삶	여가 활동
삼십01/삼십02	수사/관형사	개념	수
삼월	명사	개념	시간
삼촌	명사	삶	친족 관계
삼키다	동사	인간	신체 행위
상01	명사	개념	위치 및 방향
상03	명사	삶	가족 행사
상06	명사	교육	교수 학습 행위
상갓집00	명사	삶	가족 행사
상거래	명사	경제생활	경제 행위
상견례	명사	삶	가족 행사
상냥하다	형용사	인간	태도
상담	명사	사회생활	언어 행위
상담원	명사	사회생활	직업
상당수	명사	개념	양
상당하다	형용사	개념	정도
상당히	부사	개념	정도
상대적01·상대적02	관형사·명사	교육	학문 행위
상류층	명사	경제생활	경제 상태
상반00	명사	사회생활	사회 생활 상태
상반기	명사	개념	시간
상반신	명사	인간	신체 부위
상봉	명사	사회생활	사회 활동
상부상조	명사	사회생활	사회 활동
상사00	명사	사회생활	직위
상상	명사	인간	인지 행위
상상력	명사	인간	능력
상속	명사	사회생활	사회 활동
상승세	명사	경제생활	경제 상태
상심	명사	인간	감정
상업적01∙ 상업적02	관형사∙명사	경제생활	경제 상태
상여금	명사	경제생활	경제 수단
상영관00	명사	문화	문화생활 장소
상용	명사	경제생활	경제 행위
상위	명사	개념	위치 및 방향
상위권	명사	개념	위치 및 방향
상응	명사	사회생활	사회 활동
상의02	명사	사회생활	언어 행위
상이하다	형용사	개념	모양
상인	명사	경제생활	경제 행위 주체
상자	명사	개념	세는 말
상장02	명사	교육	학습 관련 사물
상점	명사	경제생활	경제 행위 장소
상주01	명사	주생활	주거 행위
상차림	명사	식생활	식사 및 조리 행위
상처02	명사	삶	병과 증상
상체	명사	인간	신체 부위
상추	명사	식생활	채소
상표	명사	경제생활	경제 산물
상품02	명사	경제생활	경제 수단
상품권	명사	경제생활	경제 수단
상하	명사	개념	위치 및 방향
상하다	동사	삶	병과 증상
상하다	동사	인간	신체 변화
상하다	동사	인간	감정
상호01/ 상호02	명사/부사	사회생활	사회 생활 상태
새02	명사	동식물	동물류
새까맣다	형용사	개념	색깔
새댁	명사	인간	사람의 종류
새롭다	형용사	개념	성질
새벽	명사	개념	시간
새벽	명사	개념	시간
새싹	명사	동식물	식물의 부분
새엄마	명사	삶	친족 관계
새우	명사	식생활	식재료
새파랗다	형용사	개념	색깔
새하얗다	형용사	개념	색깔
새해	명사	개념	시간
색	명사	개념	색깔
색깔	명사	개념	색깔
색상	명사	개념	색깔
색채	명사	개념	색깔
샌드위치	명사	식생활	음식
샌들	명사	의생활	모자, 신발, 장신구
샘02	명사	자연	지형
샘물	명사	식생활	음료
생	명사	삶	삶의 상태
생각	명사	인간	인지 행위
생각	명사	인간	인지 행위
생각나다	동사	인간	인지 행위
생각나다	동사	인간	인지 행위
생계	명사	삶	삶의 상태
생년월일	명사	개념	시간
생동감	명사	개념	성질
생머리	명사	의생활	미용 행위
생사	명사	삶	삶의 상태
생산량	명사	경제생활	경제 상태
생산성	명사	경제생활	경제 상태
생산자	명사	경제생활	경제 행위 주체
생산적01∙ 생산적02	관형사∙명사	경제생활	경제 상태
생산지	명사	경제생활	경제 행위 장소
생선	명사	식생활	식재료
생수	명사	식생활	음료
생신	명사	삶	가족 행사
생일	명사	삶	가족 행사
생전01/ 생전02	명사/부사	개념	시간
생활고	명사	경제생활	경제 상태
생활비	명사	경제생활	경제 수단
샤워	명사	삶	일상 행위
샴푸	명사	주생활	생활용품
서02	명사	개념	위치 및 방향
서구	명사	개념	지역
서글프다	형용사	인간	감정
서너	관형사	개념	수
서넛	수사	개념	수
서늘하다	형용사	자연	기상 및 기후
서늘하다	형용사	자연	기상 및 기후
서다	동사	인간	신체 행위
서두	명사	교육	학문 용어
서랍	명사	주생활	생활용품
서럽다	형용사	인간	감정
서론	명사	교육	학문 용어
서류	명사	사회생활	직장 생활
서른02·서른01	수사·관형사	개념	수
서민	명사	경제생활	경제 상태
서민적01∙ 서민적02	관형사∙명사	경제생활	경제 상태
서부	명사	개념	지역
서비스	명사	경제생활	경제 행위
서비스업	명사	사회생활	직업
서성거리다	동사	인간	신체 행위
서술	명사	사회생활	언어 행위
서술어	명사	교육	학문 용어
서슴없이	부사	인간	태도
서신	명사	사회생활	소통 수단
서양	명사	개념	지역
서양인	명사	인간	사람의 종류
서열	명사	사회생활	사회 생활 상태
서예	명사	문화	예술
서운하다	형용사	인간	감정
서울	명사	개념	지역
서재	명사	주생활	주택 구성
서점	명사	교육	학교 시설
서쪽	명사	개념	위치 및 방향
서평	명사	사회생활	소통 수단
서향	명사	개념	위치 및 방향
석사	명사	교육	학문 행위
석유	명사	자연	자원
석탄	명사	자연	자원
섞다	동사	식생활	식사 및 조리 행위
선01	명사	사회생활	사회 활동
선거	명사	정치와 행정	정치 및 행정 행위
선고	명사	정치와 행정	사법 및 치안 행위
선교사	명사	종교	종교인
선글라스	명사	의생활	모자, 신발, 장신구
선두	명사	개념	순서
선뜻	부사	인간	태도
선명하다	형용사	개념	밝기
선물	명사	사회생활	사회 활동
선박	명사	사회생활	교통수단
선반	명사	주생활	생활용품
선발02	명사	사회생활	사회 활동
선배	명사	사회생활	인간관계
선보이다	동사	사회생활	사회 활동
선생님	명사	교육	교수 학습 주체
선선하다	형용사	자연	기상 및 기후
선수02	명사	사회생활	직업
선약	명사	사회생활	사회 활동
선언	명사	사회생활	언어 행위
선의	명사	인간	감정
선입견	명사	인간	감정
선정적01∙ 선정적02	관형사∙명사	인간	감정
선조	명사	삶	친족 관계
선출	명사	사회생활	사회 활동
선택	명사	경제생활	경제 행위
선풍기	명사	주생활	생활용품
선행01	명사	개념	시간
선행02	명사	사회생활	사회 활동
선호	명사	인간	감정
선호도	명사	인간	인지 행위
선후배	명사	사회생활	인간관계
설03	명사	사회생활	언어 행위
설거지	명사	주생활	가사 행위
설날	명사	개념	시간
설득	명사	사회생활	언어 행위
설득력	명사	인간	능력
설렁탕	명사	식생활	음식
설레다	동사	인간	감정
설명	명사	사회생활	언어 행위
설명문	명사	교육	학문 용어
설문	명사	사회생활	언어 행위
설사01	명사	삶	병과 증상
설움	명사	인간	감정
설탕	명사	식생활	식재료
섬03	명사	자연	지형
섬기다	동사	사회생활	사회 활동
섬세하다	형용사	인간	성격
섬유질	명사	교육	학문 용어
섭섭하다	형용사	인간	감정
섭섭하다	형용사	인간	감정
섭씨	명사	자연	기상 및 기후
섭외	명사	사회생활	사회 활동
섭취	명사	식생활	식사 및 조리 행위
성격	명사	인간	성격
성경	명사	종교	종교 활동 도구
성공	명사	삶	삶의 행위
성공적01∙성공적02	관형사∙명사	삶	삶의 상태
성금	명사	경제생활	경제 수단
성급하다	형용사	인간	태도
성냥	명사	주생활	생활용품
성당	명사	종교	종교 활동 장소
성대	명사	인간	신체 내부 구성
성실	명사	인간	태도
성실성	명사	인간	태도
성실히	부사	인간	태도
성의	명사	인간	태도
성인01	명사	인간	사람의 종류
성인02	명사	인간	사람의 종류
성인병	명사	삶	병과 증상
성장	명사	삶	삶의 행위
성장기	명사	삶	삶의 상태
성적03	명사	교육	교수 학습 행위
성적순00	명사	개념	순서
성적표	명사	교육	교수 학습 행위
성직자	명사	종교	종교인
성취	명사	삶	삶의 행위
성품	명사	인간	성격
성하다01	형용사	개념	모양
성향	명사	인간	성격
성형	명사	삶	병과 증상
성화01	명사	인간	태도
세01	관형사	개념	수
세04	명사	인간	능력
세05	의존명사	개념	세는 말
세계	명사	개념	지역
세관	명사	정치와 행정	공공 기관
세금	명사	정치와 행정	정치 및 행정 행위
세기	명사	개념	시간
세다01	동사	인간	신체 변화
세다02	동사	개념	수
세다03	형용사	인간	체력 상태
세대01	명사	개념	시간
세대02	명사	개념	세는 말
세로01/세로02	명사/부사	개념	모양
세면도구	명사	주생활	생활용품
세모	명사	개념	모양
세미나	명사	교육	교수 학습 행위
세배	명사	사회생활	사회 활동
세상	명사	개념	지역
세수01	명사	삶	일상 행위
세심하다	형용사	인간	성격
세월	명사	개념	시간
세제01	명사	주생활	생활용품
세제02	명사	주생활	생활용품
세차다	형용사	개념	성질
세탁	명사	주생활	가사 행위
세탁기	명사	주생활	생활용품
세탁소	명사	의생활	의생활 관련 장소
세포	명사	교육	학문 용어
센터	명사	정치와 행정	공공 기관
센티	의존명사	개념	세는 말
센티미터	의존명사	개념	세는 말
셋	수사	개념	수
셋째02‧셋째01/셋째03	수사‧관형사/명사	개념	순서
셔츠	명사	의생활	옷 종류
소 -02	접사	개념	모양
소02	명사	동식물	동물류
소감	명사	인간	감정
소개	명사	사회생활	사회 활동
소개	명사	사회생활	사회 활동
소개	명사	사회생활	사회 활동
소개서	명사	사회생활	소통 수단
소개팅	명사	사회생활	사회 행사
소고기	명사	식생활	식재료
소규모	명사	개념	모양
소극장	명사	문화	문화생활 장소
소극적01‧소극적02	관형사‧명사	인간	성격
소금	명사	식생활	식재료
소나기	명사	자연	기상 및 기후
소나무	명사	동식물	식물류
소녀03	명사	인간	사람의 종류
소년	명사	인간	사람의 종류
소독	명사	삶	치료 행위
소독약	명사	삶	약품류
소량	명사	개념	양
소름	명사	인간	감정
소리	명사	인간	감각
소리	명사	인간	감각
소리치다	동사	인간	신체 행위
소매01	명사	의생활	옷의 부분
소문	명사	사회생활	언어 행위
소문나다	동사	사회생활	언어 행위
소박하다01	형용사	인간	성격
소방관	명사	사회생활	직업
소방서	명사	정치와 행정	공공 기관
소방차	명사	사회생활	교통수단
소변	명사	인간	생리 현상
소비	명사	경제생활	경제 행위
소비량	명사	경제생활	경제 상태
소비자	명사	경제생활	경제 행위 주체
소설02	명사	문화	문학
소설가	명사	문화	문화 활동 주체
소설책	명사	문화	문학
소속	명사	사회생활	사회 생활 상태
소송	명사	정치와 행정	사법 및 치안 행위
소수02	명사	개념	수
소스01	명사	식생활	음식
소시지	명사	식생활	음식
소식01	명사	식생활	식사 및 조리 행위
소식02	명사	사회생활	통신 행위
소심하다	형용사	인간	성격
소아	명사	인간	사람의 종류
소양	명사	인간	능력
소외	명사	사회생활	사회 생활 상태
소외감	명사	인간	감정
소유자	명사	인간	사람의 종류
소인01	명사	인간	사람의 종류
소장01	명사	인간	신체 내부 구성
소주	명사	식생활	음료
소중하다	형용사	인간	감정
소질	명사	인간	능력
소통	명사	사회생활	사회 활동
소파	명사	주생활	생활용품
소포	명사	사회생활	소통 수단
소풍	명사	삶	여가 활동
소형	명사	개념	모양
소형차	명사	사회생활	교통수단
소홀히	부사	인간	태도
소화	명사	인간	생리 현상
소화기01	명사	인간	신체 내부 구성
소화기02	명사	주생활	생활용품
소화제	명사	삶	약품류
속	명사	개념	위치 및 방향
속눈썹	명사	인간	신체 부위
속다	동사	사회생활	사회 활동
속담	명사	사회생활	말
속도	명사	개념	속도
속력	명사	개념	속도
속삭이다	동사	인간	신체 행위
속상하다	형용사	인간	감정
속설	명사	사회생활	언어 행위
속성02	명사	개념	성질
속셈	명사	인간	인지 행위
속어	명사	사회생활	말
속옷	명사	의생활	옷 종류
속이다	동사	사회생활	사회 활동
손01	명사	인간	신체 부위
손가락	명사	식생활	조리 도구
손가방	명사	의생활	모자, 신발, 장신구
손끝	명사	인간	신체 부위
손녀	명사	삶	친족 관계
손님	명사	경제생활	경제 행위 주체
손대다	동사	인간	신체 행위
손등	명사	인간	신체 부위
손목	명사	인간	신체 부위
손목시계	명사	의생활	모자, 신발, 장신구
손바닥	명사	인간	신체 부위
손발	명사	인간	신체 부위
손뼉	명사	인간	신체 행위
손수건	명사	의생활	모자, 신발, 장신구
손실	명사	경제생활	경제 상태
손아귀	명사	인간	신체 부위
손자	명사	삶	친족 관계
손짓	명사	인간	신체 행위
손톱	명사	인간	신체 부위
솔01	명사	주생활	생활용품
솔깃하다	형용사	인간	인지 행위
솔직하다	형용사	인간	성격
솜씨	명사	인간	능력
송금	명사	경제생활	경제 행위
송별회	명사	사회생활	사회 행사
송아지	명사	동식물	동물류
송이	명사	개념	세는 말
송편	명사	식생활	음식
솥	명사	식생활	조리 도구
쇠	명사	자연	자원
쇠고기	명사	식생활	식재료
쇠퇴	명사	삶	삶의 행위
쇼	명사	문화	문화 활동
쇼핑	명사	경제생활	경제 행위
쇼핑몰	명사	경제생활	경제 행위 장소
쇼핑센터	명사	경제생활	경제 행위 장소
수06	명사	개념	시간
수10	명사	개념	수
수강	명사	교육	교수 학습 행위
수건	명사	주생활	생활용품
수긍	명사	인간	인지 행위
수녀	명사	종교	종교인
수년	명사	개념	수
수다	명사	사회생활	언어 행위
수다스럽다	형용사	인간	태도
수단01	명사	인간	능력
수당	명사	경제생활	경제 수단
수도02	명사	개념	지역
수도권	명사	개념	지역
수동적01∙수동적02	관형사∙명사	인간	성격
수두룩하다	형용사	개념	수
수량	명사	개념	양
수려하다	형용사	인간	용모
수료	명사	교육	교수 학습 행위
수만02∙수만01	수사·관형사	개념	수
수많다	형용사	개념	양
수면01	명사	삶	일상 행위
수면02	명사	인간	생리 현상
수면제	명사	삶	약품류
수목	명사	동식물	식물류
수박	명사	식생활	과일
수발01	명사	사회생활	사회 활동
수백02∙수백01	수사·관형사	개념	수
수사01	명사	정치와 행정	사법 및 치안 행위
수사02	명사	정치와 행정	사법 및 치안 행위
수사관	명사	정치와 행정	사법 및 치안 주체
수산	명사	경제생활	경제 행위
수산물	명사	경제생활	경제 산물
수상03	명사	정치와 행정	정치 및 행정 주체
수석02	명사	교육	교수 학습 행위
수소문	명사	사회생활	통신 행위
수송	명사	사회생활	교통 이용 행위
수수료	명사	경제생활	경제 수단
수수하다	형용사	인간	용모
수술02	명사	삶	치료 행위
수신자	명사	사회생활	인간관계
수십02∙수십01	수사·관형사	개념	수
수업02	명사	교육	교수 학습 행위
수염	명사	인간	신체 부위
수영	명사	삶	여가 활동
수영복	명사	의생활	옷 종류
수영장	명사	의생활	옷 종류
수완	명사	인간	능력
수요일	명사	개념	시간
수용02	명사	사회생활	사회 활동
수용자00	명사	인간	사람의 종류
수익	명사	경제생활	경제 상태
수익금	명사	경제생활	경제 수단
수입01	명사	경제생활	경제 수단
수입02	명사	경제생활	경제 행위
수재민00	명사	인간	사람의 종류
수저	명사	식생활	조리 도구
수준	명사	개념	정도
수줍다	형용사	인간	성격
수줍음	명사	인간	성격
수증기	명사	자연	기상 및 기후
수지	명사	경제생활	경제 상태
수집02	명사	삶	여가 활동
수차례	명사	개념	수
수천02∙수천01	수사·관형사	개념	수
수첩	명사	교육	학습 관련 사물
수출	명사	경제생활	경제 행위
수치01	명사	인간	인지 행위
수치02	명사	개념	수
수칙	명사	사회생활	사회 활동
수컷	명사	동식물	동물류
수평선	명사	자연	지형
수표	명사	경제생활	경제 수단
수필	명사	문화	문학
수학01	명사	교육	교수 학습 행위
수학02	명사	교육	전공과 교과목
수학여행	명사	교육	교수 학습 행위
수해	명사	자연	재해
수행02	명사	사회생활	사회 활동
수험	명사	교육	교수 학습 행위
수험생	명사	교육	교수 학습 주체
수혈	명사	삶	치료 행위
수혜자	명사	인간	사람의 종류
수화기	명사	주생활	생활용품
숙녀	명사	인간	사람의 종류
숙맥	명사	인간	성격
숙면	명사	삶	일상 행위
숙박	명사	주생활	주거 행위
숙박비	명사	경제생활	경제 수단
숙제	명사	교육	교수 학습 행위
순간	명사	개념	시간
순간적01∙순간적02	관형사∙명사	개념	시간
순대	명사	식생활	음식
순두부찌개	명사	식생활	음식
순발력	명사	인간	능력
순서	명사	개념	순서
순서	명사	개념	순서
순수성00	명사	인간	태도
순수하다	형용사	인간	성격
순식간	명사	개념	시간
순위	명사	개념	순서
순진	명사	인간	성격
순하다	형용사	인간	성격
숟가락	명사	식생활	조리 도구
숟가락	명사	개념	세는 말
술01	명사	식생활	음료
술병02	명사	식생활	조리 도구
술자리	명사	식생활	식생활 관련 장소
술잔	명사	식생활	조리 도구
술집	명사	식생활	식생활 관련 장소
숨	명사	인간	생리 현상
숨소리	명사	인간	생리 현상
숨죽이다	동사	인간	태도
숨지다	동사	삶	삶의 행위
숫자	명사	개념	수
숭늉	명사	식생활	음료
숭배	명사	인간	인지 행위
숲	명사	자연	지형
쉬다02	동사	삶	병과 증상
쉬다03	동사	삶	여가 활동
쉬다04	동사	인간	신체 행위
쉰02·쉰01	수사·관형사	개념	수
쉽다	형용사	인간	능력
슈퍼	명사	경제생활	경제 행위 장소
슈퍼마켓	명사	경제생활	경제 행위 장소
스님	명사	종교	종교인
스무	관형사	개념	수
스무째00	수사·관형사/명사	개념	순서
스물	수사	개념	수
스승	명사	교육	교수 학습 주체
스웨터	명사	의생활	옷 종류
스위치	명사	주생활	생활용품
스카프	명사	의생활	모자, 신발, 장신구
스커트	명사	의생활	옷 종류
스케이트	명사	삶	여가 도구
스케이트	명사	삶	여가 활동
스키	명사	삶	여가 도구
스키	명사	삶	여가 활동
스키장	명사	삶	여가 시설
스타킹	명사	의생활	옷 종류
스탠드	명사	주생활	생활용품
스터디00	명사	교육	교수 학습 행위
스토리	명사	사회생활	언어 행위
스튜디오	명사	문화	문화생활 장소
스파게티	명사	식생활	음식
스포츠	명사	삶	여가 활동
슬그머니	부사	인간	태도
슬기롭다	형용사	인간	성격
슬리퍼	명사	의생활	모자, 신발, 장신구
슬며시	부사	인간	태도
슬퍼하다	동사	인간	감정
슬프다	형용사	인간	감정
슬픔	명사	인간	감정
습관	명사	삶	일상 행위
습기	명사	자연	기상 및 기후
습도	명사	자연	기상 및 기후
습득	명사	교육	교수 학습 행위
습하다	형용사	자연	기상 및 기후
승03/승04	명사/의존명사	삶	여가 활동
승강기	명사	사회생활	교통수단
승강장	명사	사회생활	교통 이용 장소
승낙	명사	사회생활	사회 활동
승려	명사	종교	종교인
승리	명사	사회생활	사회 활동
승마	명사	삶	여가 활동
승무원	명사	사회생활	직업
승부	명사	삶	여가 활동
승승장구	명사	사회생활	사회 생활 상태
승용차	명사	사회생활	교통수단
승인	명사	사회생활	사회 활동
승자	명사	사회생활	인간관계
승진	명사	사회생활	직장 생활
승차	명사	사회생활	교통 이용 행위
승합차	명사	사회생활	교통수단
-시	접사	인간	태도
시01	명사	개념	지역
시02/시03	명사/의존명사	개념	세는 말
시04	명사	문화	문학
시각01	명사	개념	시간
시각03	명사	인간	감각
시각적01∙시각적02	관형사∙명사	인간	감각
시간01/시간02	명사/의존명사	개념	세는 말
시간대	명사	개념	시간
시간적01∙시간적02	관형사∙명사	개념	시간
시간표	명사	교육	교수 학습 행위
시계01	명사	주생활	생활용품
시골	명사	개념	지역
시골	명사	개념	지역
시금치	명사	식생활	채소
시급히	부사	인간	태도
시기01	명사	개념	시간
시기02	명사	개념	시간
시기상조	명사	개념	시간
시끄럽다	형용사	주생활	주거 상태
시나리오	명사	문화	대중문화
시내02	명사	주생활	주거 지역
시내버스	명사	사회생활	교통수단
시냇물	명사	자연	자원
시다	형용사	식생활	맛
시대	명사	개념	시간
시대적01∙시대적02	관형사∙명사	개념	시간
시력	명사	인간	체력 상태
시련	명사	삶	삶의 상태
시름	명사	인간	인지 행위
시리다	형용사	삶	병과 증상
시립	명사	사회생활	사회 생활 상태
시무룩하다	형용사	인간	태도
시민	명사	정치와 행정	정치 및 행정 주체
시부모	명사	삶	친족 관계
시비01	명사	사회생활	사회 활동
시사회	명사	문화	문화생활 장소
시상식	명사	사회생활	사회 행사
시설	명사	주생활	주택 구성
시속	명사	개념	속도
시시각각	명사	개념	시간
시아버지	명사	삶	친족 관계
시어머니	명사	삶	친족 관계
시외	명사	주생활	주거 지역
시외버스	명사	사회생활	교통수단
시원섭섭하다	형용사	인간	감정
시원시원하다	형용사	인간	태도
시원하다	형용사	자연	기상 및 기후
시원하다	형용사	식생활	맛
시원하다	형용사	인간	감정
시월	명사	개념	수
시위02	명사	사회생활	사회 활동
시인01	명사	인간	인지 행위
시인02	명사	문화	문화 활동 주체
시일	명사	개념	시간
시작01	명사	개념	순서
시장01	명사	정치와 행정	정치 및 행정 주체
시장02	명사	경제생활	경제 행위 장소
시절	명사	개념	시간
시점02	명사	개념	시간
시중01	명사	사회생활	사회 활동
시중02	명사	경제생활	경제 행위 장소
시즌	명사	개념	시간
시집02	명사	문화	문학
시집가다	동사	삶	가족 행사
시청01	명사	정치와 행정	공공 기관
시청02	명사	문화	문화 활동
시청각	명사	인간	감각
시청률	명사	문화	문화 활동
시청자	명사	문화	문화 활동 주체
시치미	명사	사회생활	언어 행위
시커멓다	형용사	개념	색깔
시키다	동사	식생활	식사 및 조리 행위
시합	명사	사회생활	사회 활동
시행01	명사	정치와 행정	사법 및 치안 행위
시행착오	명사	삶	삶의 행위
시험	명사	교육	교수 학습 행위
시험지	명사	교육	학습 관련 사물
-식	접사	개념	모양
식01/식02	명사/의존명사	사회생활	사회 행사
식구	명사	삶	친족 관계
식기	명사	식생활	조리 도구
식단	명사	식생활	식사 및 조리 행위
식당	명사	식생활	식생활 관련 장소
식당가	명사	경제생활	경제 행위 장소
식량	명사	식생활	식재료
식량난00	명사	경제생활	경제 상태
식료품	명사	식생활	식재료
식물	명사	동식물	식물류
식민지	명사	정치와 행정	정치 및 치안 상태
식비	명사	경제생활	경제 수단
식빵	명사	식생활	음식
식사	명사	식생활	식사 및 조리 행위
식사량	명사	식생활	식사 및 조리 행위
식수	명사	식생활	음료
식욕	명사	인간	감각
식용유	명사	식생활	식재료
식은땀	명사	인간	생리 현상
식중독	명사	삶	병과 증상
식초	명사	식생활	식재료
식탁	명사	주생활	생활용품
식품	명사	식생활	식재료
식품점	명사	경제생활	경제 행위 장소
식후	명사	개념	시간
신01	명사	의생활	모자, 신발, 장신구
신나다	동사	인간	감정
신03	명사	종교	신앙 대상
신경	명사	인간	감각
신경질	명사	인간	감정
신경통	명사	삶	병과 증상
신고	명사	정치와 행정	사법 및 치안 행위
신기록	명사	삶	여가 활동
신다	동사	의생활	의복 착용 행위
신도시	명사	개념	지역
신랑	명사	삶	가족 행사
신맛	명사	식생활	맛
신문사	명사	사회생활	직장
신명	명사	인간	감정
신문02	명사	사회생활	매체
신문지	명사	사회생활	매체
신부01	명사	종교	종교인
신물	명사	인간	감정
신바람	명사	인간	태도
신발	명사	의생활	모자, 신발, 장신구
신부02	명사	삶	가족 행사
신사	명사	인간	사람의 종류
신세01	명사	사회생활	사회 활동
신속히	부사	인간	태도
신앙	명사	종교	종교 행위
신약00	명사	삶	치료 행위
신음	명사	인간	소리
신의	명사	인간	인지 행위
신임01	명사	인간	인지 행위
신입	명사	사회생활	직장 생활
신입생	명사	교육	교수 학습 주체
신자	명사	종교	종교인
신장03	명사	인간	신체 내부 구성
신중	명사	인간	태도
신중히	부사	인간	태도
신진대사	명사	인간	신체 행위
신청	명사	사회생활	사회 활동
신체	명사	인간	신체 부위
신하	명사	정치와 행정	정치 및 행정 주체
신호	명사	사회생활	통신 행위
신호등	명사	사회생활	교통 이용 행위
신혼	명사	삶	삶의 상태
신혼부부	명사	삶	삶의 상태
신혼여행	명사	삶	여가 활동
신화	명사	문화	전통문화
-실	접사	주생활	주택 구성
실04	의존명사	주생활	주택 구성
실감	명사	인간	인지 행위
실내	명사	개념	위치 및 방향
실력	명사	인간	능력
실례01	명사	사회생활	사회 활동
실망	명사	인간	감정
실망스럽다	형용사	인간	감정
실무	명사	사회생활	직장 생활
실수	명사	삶	삶의 행위
실수	명사	삶	삶의 행위
실습	명사	교육	교수 학습 행위
실시간	명사	개념	시간
실업01	명사	사회생활	직장 생활
실업계	명사	교육	전공과 교과목
실업률	명사	경제생활	경제 상태
실업자	명사	경제생활	경제 행위 주체
실외	명사	개념	위치 및 방향
실장	명사	사회생활	직위
실적	명사	경제생활	경제 상태
실직	명사	사회생활	직장 생활
실크	명사	의생활	옷감
실패02	명사	삶	삶의 행위
실험	명사	교육	교수 학습 행위
싫다	형용사	인간	감정
싫어하다	동사	인간	감정
싫증	명사	인간	감정
심각하다	형용사	인간	태도
심경	명사	인간	감정
심리	명사	인간	감정
심리적01∙심리적02	관형사∙명사	인간	감정
심부름	명사	주생활	가사 행위
심사02	명사	교육	교수 학습 행위
심사숙고	명사	인간	인지 행위
심성	명사	인간	성격
심술궂다	형용사	인간	태도
심신	명사	인간	신체 부위
심야	명사	개념	시간
심장	명사	인간	신체 내부 구성
심정	명사	인간	감정
심판	명사	사회생활	직업
심하다	형용사	개념	정도
심화	명사	개념	정도
십01/십02	수사/관형사	개념	수
십만02/십만01	수사/관형사	개념	수
십이월	명사	개념	시간
십일월	명사	개념	시간
십자가	명사	종교	종교 활동 도구
싱겁다	형용사	식생활	맛
싸다00	형용사	인간	태도
싸다02	동사	인간	신체 행위
싸다03	형용사	경제생활	경제 상태
싸우다	동사	사회생활	사회 활동
싸움	명사	사회생활	사회 활동
싹01	명사	동식물	식물의 부분
싹트다	동사	동식물	동식물 행위
싼값	명사	경제생활	경제 수단
쌀	명사	식생활	곡류
쌀쌀하다	형용사	자연	기상 및 기후
쌍	명사	개념	세는 말
쌍꺼풀	명사	인간	신체 부위
쌍둥이	명사	인간	사람의 종류
썩	부사	개념	정도
썰다	동사	식생활	식사 및 조리 행위
썰렁하다	형용사	자연	기상 및 기후
썰매	명사	삶	여가 도구
쏘아보다	동사	인간	신체 행위
쏜살같이	부사	개념	속도
쑤시다01	동사	삶	병과 증상
쑤시다02	동사	인간	신체에 가하는 행위
쑥스럽다	형용사	인간	태도
쓰기	명사	교육	교수 학습 행위
쓰다01	동사	사회생활	언어 행위
쓰다01	동사	사회생활	언어 행위
쓰다02	동사	의생활	의복 착용 행위
쓰다04	형용사	식생활	맛
쓰다듬다	동사	인간	신체에 가하는 행위
쓰러뜨리다	동사	인간	신체에 가하는 행위
쓰레기	명사	주생활	가사 행위
쓰레기통	명사	주생활	생활용품
쓰리다	형용사	삶	병과 증상
쓴맛	명사	식생활	맛
쓸다	동사	주생활	가사 행위
쓸쓸하다	형용사	삶	삶의 상태
씀씀이	명사	인간	태도
씁쓸하다	형용사	인간	감정
씌우다	동사	의생활	의복 착용 행위
씨01	명사	동식물	식물의 부분
씨름	명사	삶	여가 활동
씨앗	명사	동식물	식물의 부분
씩씩거리다	동사	인간	신체 행위
씩씩하다	형용사	인간	태도
씹다	동사	식생활	식사 및 조리 행위
씻다	동사	삶	일상 행위
아가	명사	인간	사람의 종류
아가씨	명사	인간	사람의 종류
아기	명사	인간	사람의 종류
아기자기하다	형용사	개념	모양
아까02/아까01	부사/명사	개념	시간
아깝다	형용사	인간	감정
아낌없다	형용사	인간	태도
아낌없이	부사	인간	태도
아나운서	명사	사회생활	직업
아내	명사	삶	친족 관계
아동	명사	인간	사람의 종류
아드님	명사	삶	친족 관계
아들	명사	삶	친족 관계
아랑곳없이	부사	인간	태도
아래	명사	개념	위치 및 방향
아래층	명사	개념	위치 및 방향
아랫사람	명사	사회생활	인간관계
아랫집	명사	개념	위치 및 방향
아르바이트	명사	경제생활	경제 행위
아름답다	형용사	인간	용모
아무02/아무01	관형사/대명사	개념	의문
아무개	대명사	개념	인칭
아무것	명사	개념	의문
아무것	명사	개념	의문
아무렇다	형용사	인간	감정
아버지	명사	삶	친족 관계
아부	명사	인간	태도
아비	명사	삶	친족 관계
아빠	명사	삶	친족 관계
아쉬움	명사	인간	감정
아쉽다	명사	인간	감정
아시아	명사	개념	지역
아열대	명사	개념	지역
아이01	명사	인간	사람의 종류
아이01	명사	인간	사람의 종류
아이01	명사	인간	사람의 종류
아이고	감탄사	인간	감정
아이디	명사	사회생활	소통 수단
아이스크림	명사	식생활	음식
아장아장	부사	개념	모양
아저씨	명사	인간	사람의 종류
아주01	부사	개념	정도
아주머니	명사	인간	사람의 종류
아줌마	명사	인간	사람의 종류
아직	부사	개념	시간
아찔하다	형용사	인간	감정
아침	명사	개념	시간
아침	명사	식생활	식사 및 조리 행위
아침밥	명사	식생활	음식
아침저녁00	명사	개념	시간
아파트	명사	주생활	건물 종류
아프다	형용사	인간	감각
아프리카	명사	개념	지역
아픔	명사	삶	병과 증상
아픔	명사	인간	감정
아하	감탄사	인간	감정
아홉02/아홉01	수사/관형사	개념	수
아홉째02∙아홉째01/아홉째03	수사.관형사/명사	개념	순서
아흐레	명사	개념	시간
아흔02/아흔01	수사/관형사	개념	수
악기	명사	삶	여가 도구
악마	명사	종교	신앙 대상
악수	명사	사회생활	사회 활동
악의	명사	인간	인지 행위
악하다	형용사	인간	성격
안01	명사	개념	위치 및 방향
안간힘	명사	인간	체력 상태
안개	명사	자연	기상 및 기후
안건	명사	사회생활	언어 행위
안경	명사	의생활	모자, 신발, 장신구
안과	명사	삶	치료 시설
안내	명사	사회생활	사회 활동
안내	명사	사회생활	사회 활동
안내문	명사	사회생활	소통 수단
안내소	명사	사회생활	사회 활동
안내원	명사	사회생활	직업
안녕02	감탄사	삶	삶의 상태
안다	동사	인간	신체 행위
안달	명사	인간	감정
안도	명사	인간	감정
안되다01	동사	인간	감정
안락	명사	삶	삶의 상태
안목	명사	인간	능력
안방	명사	주생활	주택 구성
안부	명사	사회생활	사회 활동
안색	명사	인간	용모
안심02	명사	인간	감정
안쓰럽다	형용사	인간	감정
안약	명사	삶	약품류
안이하다	형용사	인간	태도
안일	명사	인간	태도
안전01	명사	사회생활	교통 이용 행위
안전띠	명사	사회생활	교통 이용 행위
안전벨트	명사	사회생활	교통수단
안절부절	부사	인간	태도
안정01	명사	인간	감정
안정감	명사	인간	감정
안정적01∙안정적02	관형사∙명사	삶	삶의 상태
안주01	명사	삶	삶의 상태
안주02	명사	식생활	음식
안쪽	명사	개념	위치 및 방향
안타까워하다	동사	인간	감정
안타깝다	형용사	인간	감정
안팎	명사	개념	위치 및 방향
앉다	동사	인간	신체 행위
알다	동사	인간	인지 행위
알뜰	명사	인간	성격
알레르기	명사	삶	병과 증상
알리다	동사	인간	인지 행위
알맞다	형용사	개념	정도
알몸	명사	인간	신체 부위
알선	명사	사회생활	사회 활동
알아내다	동사	인간	인지 행위
알아듣다	동사	인간	인지 행위
알아주다	동사	인간	인지 행위
알아차리다	동사	인간	인지 행위
알아채다	동사	인간	인지 행위
알칼리성	명사	개념	성질
앓다	동사	삶	병과 증상
암02	명사	삶	병과 증상
암기	명사	교육	교수 학습 행위
암기력00	명사	인간	능력
암벽	명사	자연	지형
암컷	명사	동식물	동물류
암호	명사	사회생활	소통 수단
암흑기	명사	개념	시간
압박감	명사	인간	감정
앗	감탄사	인간	감정
앞	명사	개념	위치 및 방향
앞길	명사	사회생활	교통 이용 장소
앞길	명사	사회생활	교통 이용 장소
앞날	명사	개념	시간
앞다투다	동사	사회생활	사회 활동
앞뒤	명사	개념	위치 및 방향
앞머리	명사	인간	신체 부위
앞서다	동사	개념	순서
앞세우다	동사	개념	순서
앞장	명사	개념	순서
앞장서다	동사	개념	순서
앞지르다	동사	개념	순서
앞집	명사	주생활	주거 지역
애01	명사	인간	감정
애01	명사	인간	감정
애02	명사	인간	사람의 종류
애02	명사	인간	사람의 종류
애02	명사	인간	사람의 종류
애교	명사	인간	인지 행위
애국	명사	정치와 행정	정치 및 행정 행위
애기	명사	인간	사람의 종류
애니메이션	명사	문화	대중문화
애쓰다	동사	인간	태도
애완견	명사	동식물	동물류
애완동물	명사	동식물	동물류
애인	명사	사회생활	인간관계
애정	명사	인간	감정
애창곡	명사	문화	대중문화
애초01	명사	개념	시간
애칭	명사	사회생활	언어 행위
애타다	동사	인간	감정
애틋하다	형용사	인간	감정
-액	접사	경제생활	경제 수단
액세서리	명사	의생활	모자, 신발, 장신구
액수	명사	경제생활	경제 수단
액자	명사	주생활	생활용품
액체	명사	개념	모양
야간	명사	개념	시간
야광	명사	개념	밝기
야구	명사	삶	여가 활동
야근	명사	사회생활	직장 생활
야단	명사	사회생활	언어 행위
야단맞다	동사	사회생활	언어 행위
야단치다	동사	사회생활	언어 행위
야당	명사	정치와 행정	정치 및 행정 주체
야무지다	형용사	인간	성격
야옹	부사	동식물	동물 소리
야외	명사	개념	위치 및 방향
야유회	명사	삶	여가 활동
야채	명사	식생활	채소
야하다	형용사	인간	태도
약03	명사	삶	약품류
약간02/약간01	부사/명사	개념	정도
약국	명사	삶	치료 시설
약물	명사	삶	치료 행위
약사	명사	사회생활	직업
약세00	명사	경제생활	경제 상태
약소하다00	형용사	개념	정도
약속	명사	사회생활	사회 활동
약자01	명사	인간	사람의 종류
약품	명사	삶	치료 행위
약품	명사	삶	약품류
약하다	형용사	인간	체력 상태
약혼	명사	삶	가족 행사
약혼녀	명사	삶	가족 행사
약혼자	명사	삶	가족 행사
약화	명사	개념	정도
약효	명사	삶	치료 행위
얄밉다	형용사	인간	성격
얇다	형용사	개념	모양
얌전	명사	인간	태도
얌체	명사	인간	태도
양02	명사	동식물	동물류
양06	명사	개념	양
양국	명사	정치와 행정	정치 및 행정 주체
양념	명사	식생활	식재료
양력	명사	개념	시간
양말	명사	의생활	모자, 신발, 장신구
양반	명사	사회생활	직위
양배추	명사	식생활	채소
양보	명사	사회생활	사회 활동
양복	명사	의생활	옷 종류
양산01	명사	의생활	모자, 신발, 장신구
양성03	명사	교육	교수 학습 행위
양손	명사	인간	신체 부위
양식01	명사	인간	인지 행위
양식03	명사	식생활	음식
양식06	명사	식생활	곡류
양식집	명사	식생활	식생활 관련 장소
양심	명사	인간	감정
양옆	명사	개념	위치 및 방향
양육	명사	삶	삶의 행위
양질	명사	개념	성질
양쪽	명사	개념	위치 및 방향
양초	명사	주생활	생활용품
양치	명사	삶	일상 행위
양치질	명사	삶	일상 행위
양파	명사	식생활	채소
양해	명사	사회생활	언어 행위
얕다	형용사	개념	모양
얕보다	동사	인간	태도
얘03	줄어든 말	개념	인칭
얘기	명사	사회생활	언어 행위
얘기	명사	사회생활	언어 행위
어간	명사	교육	학문 용어
어금니	명사	인간	신체 부위
어김없이	부사	인간	태도
어깨	명사	인간	신체 부위
어느	관형사	개념	의문
어느덧	부사	개념	시간
어느새	부사	개념	시간
어둑어둑	부사	개념	밝기
어둑어둑하다	형용사	개념	밝기
어둠	명사	개념	밝기
어둡다	형용사	개념	밝기
어둡다	형용사	개념	밝기
어디01	대명사	개념	의문
어떠하다	형용사	개념	의문
어떤	관형사	개념	의문
어떤	관형사	개념	의문
어떻다	형용사	개념	의문
어려움	명사	인간	감정
어려워하다	동사	인간	태도
어렴풋이	부사	개념	밝기
어렵다	형용사	인간	능력
어루만지다	동사	인간	신체에 가하는 행위
어르신	명사	사회생활	인간관계
어른	명사	인간	사람의 종류
어른	명사	인간	사람의 종류
어리다02	형용사	인간	용모
어리둥절하다	형용사	인간	감정
어리석다	형용사	인간	능력
어린아이	명사	인간	사람의 종류
어린애	명사	인간	사람의 종류
어린이	명사	인간	사람의 종류
어린이집	명사	교육	교육 기관
어마어마하다	형용사	개념	정도
어머	감탄사	인간	감정
어머니	명사	삶	친족 관계
어머님	명사	삶	친족 관계
어미01	명사	삶	친족 관계
어미02	명사	교육	학문 용어
어민	명사	경제생활	경제 행위 주체
어색하다	형용사	인간	태도
어서	부사	개념	시간
어설프다	형용사	인간	태도
어업	명사	사회생활	직업
어우러지다	동사	사회생활	사회 생활 상태
어이없다	형용사	인간	감정
어저께02/어저께01	부사/명사	개념	시간
어제02/어제01	부사/명사	개념	시간
어젯밤	명사	개념	시간
어조	명사	사회생활	언어 행위
어지럽다	형용사	인간	감각
어지르다	동사	주생활	주거 상태
어처구니없다	형용사	인간	감정
-어치	접사	개념	정도
어투	명사	사회생활	언어 행위
어학	명사	교육	전공과 교과목
어휘	명사	사회생활	말
억03/억02	수사/관형사	개념	수
억세다	형용사	개념	성질
억수	명사	자연	기상 및 기후
억양	명사	사회생활	말
억울하다	형용사	인간	감정
억지	명사	인간	태도
억지로	부사	인간	태도
언급	명사	사회생활	언어 행위
언니	명사	삶	친족 관계
언덕	명사	자연	지형
언론	명사	사회생활	매체
언론사	명사	사회생활	직장
언론인	명사	사회생활	직업
언어	명사	사회생활	소통 수단
언제01/언제02	대명사/부사	개념	의문
언제나	부사	개념	시간
언젠가	부사	개념	시간
언짢다	형용사	인간	감정
언행	명사	사회생활	언어 행위
얻다	동사	사회생활	사회 활동
얻어맞다	동사	인간	신체에 가하는 행위
얼	명사	인간	감각
얼굴	명사	인간	신체 부위
얼른	부사	인간	태도
얼마	명사	개념	의문
얼마간	명사	개념	시간
얼마나	부사	개념	양
얼마나	부사	개념	양
얼버무리다	동사	사회생활	언어 행위
얼음	명사	식생활	식재료
얽매이다	동사	사회생활	사회 생활 상태
얽히다	동사	사회생활	사회 생활 상태
엄격	명사	인간	태도
엄격히	부사	인간	태도
엄두	명사	인간	인지 행위
엄마	명사	삶	친족 관계
엄살	명사	인간	태도
엄숙하다	형용사	인간	태도
엄지	명사	인간	신체 부위
엄지손가락	명사	인간	신체 부위
엄청	부사	개념	정도
엄청나다	형용사	개념	정도
엄하다	형용사	인간	태도
-업	접사	사회생활	직업
업계	명사	경제생활	경제 행위 장소
업다	동사	인간	신체 행위
업무	명사	사회생활	직장 생활
업소	명사	경제생활	경제 행위 장소
업자	명사	경제생활	경제 행위 주체
업체	명사	경제생활	경제 행위 장소
엉금엉금	부사	인간	신체 행위
엉덩이	명사	인간	신체 부위
엉뚱하다	형용사	인간	태도
엉망	명사	주생활	주거 상태
엉성하다	형용사	개념	성질
엉엉	부사	인간	소리
엊그제02/엊그제01	부사/명사	개념	시간
엎드리다	동사	인간	신체 행위
에스컬레이터	명사	주생활	주택 구성
에어로빅	명사	삶	여가 활동
에어컨	명사	주생활	생활용품
엘리베이터	명사	주생활	주택 구성
여02	명사	인간	사람의 종류
여가	명사	삶	여가 활동
여고	명사	교육	교육 기관
여기	대명사	개념	지시
여기다	동사	인간	인지 행위
여기저기	명사	개념	위치 및 방향
여당	명사	정치와 행정	정치 및 행정 주체
여덟02/여덟01	수사/관형사	개념	수
여덟째02∙여덟째01/여덟째03	수사·관형사/명사	개념	순서
여동생	명사	삶	친족 관계
여드레	명사	개념	시간
여드름	명사	삶	병과 증상
여든02/여든01	수사/관형사	개념	수
여러	관형사	개념	수
여러분	대명사	개념	인칭
여럿	명사	개념	수
여론	명사	사회생활	언어 행위
여류	명사	문화	문화 활동 주체
여름	명사	개념	시간
여름철	명사	개념	시간
여름휴가	명사	개념	시간
여리다	형용사	인간	성격
여사	명사	인간	사람의 종류
여섯02/여섯01	수사/관형사	개념	수
여섯째02·여섯째01/여섯째03	수사·관형사/명사	개념	순서
여성	명사	인간	사람의 종류
여성적01∙여성적02	관형사∙명사	인간	성격
여아00	명사	인간	사람의 종류
여야	명사	정치와 행정	정치 및 행정 주체
여우01	명사	동식물	동물류
여유롭다	형용사	인간	태도
여의다	동사	삶	삶의 행위
여인	명사	인간	사람의 종류
여자	명사	인간	사람의 종류
여전히	부사	인간	태도
여쭈다	동사	사회생활	언어 행위
여쭙다	동사	사회생활	언어 행위
여학생	명사	교육	교수 학습 주체
여행	명사	삶	여가 활동
여행가	명사	사회생활	직업
여행사	명사	사회생활	직장
여행지	명사	삶	여가 시설
역03	명사	사회생활	교통 이용 장소
역겹다	형용사	인간	감정
역도	명사	삶	여가 도구
역량	명사	인간	능력
역사	명사	교육	전공과 교과목
역사가	명사	사회생활	직업
연01	명사	개념	시간
연03	명사	삶	여가 도구
연간	명사	개념	시간
연결	명사	사회생활	통신 행위
연고01	명사	삶	약품류
연구	명사	교육	학문 행위
연구소	명사	교육	학교 시설
연구실	명사	교육	학교 시설
연구원01	명사	사회생활	직업
연구원02	명사	교육	학교 시설
연구자	명사	교육	교수 학습 주체
연극	명사	문화	대중문화
연금01	명사	경제생활	경제 수단
연기자	명사	문화	문화 활동 주체
연날리기	명사	삶	여가 활동
연대01	명사	개념	시간
연대02	명사	사회생활	사회 활동
연도01	명사	개념	시간
연두색	명사	개념	색깔
연락	명사	사회생활	사회 활동
연료	명사	자연	자원
연말	명사	개념	시간
연말연시	명사	개념	시간
연못	명사	자연	지형
연봉	명사	경제생활	경제 수단
연비	명사	사회생활	교통수단
연상01	명사	사회생활	인간관계
연상02	명사	인간	인지 행위
연설	명사	사회생활	언어 행위
연수	명사	교육	교수 학습 행위
연습02	명사	교육	교수 학습 행위
연애	명사	삶	삶의 행위
연약하다	형용사	인간	체력 상태
연연하다01/연연하다02	동사/형용사	인간	인지 행위
연예	명사	문화	문화 활동
연예인	명사	문화	문화 활동 주체
연인	명사	사회생활	인간관계
연일01/연일02	명사/부사	개념	시간
연장자	명사	사회생활	인간관계
연주	명사	문화	문화 활동
연주자	명사	문화	문화 활동 주체
연주회	명사	문화	문화생활 장소
연중	명사	개념	시간
연체료	명사	경제생활	경제 수단
연초	명사	개념	시간
연평균	명사	개념	양
연필	명사	교육	학습 관련 사물
연하	명사	사회생활	인간관계
연하다	형용사	개념	색깔
연하다	형용사	개념	색깔
연휴	명사	개념	시간
열02/열01	수사/관형사	개념	수
열03	명사	개념	모양
열04	명사	삶	병과 증상
열거	명사	사회생활	언어 행위
열광	명사	인간	태도
열대	명사	개념	지역
열등감	명사	인간	감정
열람실	명사	교육	학교 시설
열렬하다	형용사	인간	태도
열망	명사	인간	인지 행위
열매	명사	동식물	식물의 부분
열성	명사	인간	태도
열성적01∙열성적02	관형사∙명사	인간	태도
열쇠	명사	주생활	생활용품
열의	명사	인간	감정
열정	명사	인간	태도
열중	명사	인간	태도
열째02∙열째01/열째03	수사∙관형사/명사	개념	순서
열차	명사	사회생활	교통수단
열풍01	명사	자연	기상 및 기후
열흘	명사	개념	시간
염려	명사	인간	인지 행위
염색	명사	의생활	미용 행위
염소01	명사	동식물	동물류
염원	명사	인간	인지 행위
염증	명사	삶	병과 증상
염치	명사	인간	태도
엽서	명사	사회생활	소통 수단
엿새	명사	개념	시간
영01	부사	개념	수
영국	명사	개념	지역
영리	명사	경제생활	경제 상태
영리하다	형용사	인간	능력
영문02	명사	사회생활	말
영상01	명사	사회생활	매체
영상02	명사	개념	온도
영세민	명사	경제생활	경제 상태
영수증	명사	경제생활	경제 수단
영양가	명사	식생활	맛
영양사00	명사	사회생활	직업
영양제	명사	삶	약품류
영어	명사	사회생활	말
영업	명사	사회생활	직장 생활
영웅	명사	인간	사람의 종류
영원	명사	개념	시간
영원히	부사	개념	시간
영장	명사	정치와 행정	사법 및 치안 행위
영재	명사	인간	사람의 종류
영하	명사	개념	온도
영화01	명사	문화	대중문화
영화감독	명사	문화	문화 활동 주체
영화관	명사	문화	문화생활 장소
영화배우	명사	문화	문화 활동 주체
옆	명사	개념	위치 및 방향
옆구리	명사	인간	신체 부위
옆집	명사	주생활	주거 지역
예01	명사	개념	시간
예06	명사	사회생활	사회 활동
예06	명사	사회생활	사회 활동
예감	명사	인간	인지 행위
예견	명사	인간	인지 행위
예금	명사	경제생활	경제 행위
예년	명사	개념	시간
예능	명사	문화	대중문화
예리하다	형용사	인간	성격
예매	명사	삶	여가 활동
예문	명사	사회생활	소통 수단
예물	명사	사회생활	사회 활동
예민하다	형용사	인간	성격
예배	명사	종교	종교 행위
예보	명사	자연	기상 및 기후
예쁘다	형용사	인간	용모
예산	명사	경제생활	경제 수단
예상	명사	인간	인지 행위
예수	명사	종교	신앙 대상
예순02/예순01	수사/관형사	개념	수
예술	명사	문화	예술
예술가	명사	문화	문화 활동 주체
예술품	명사	문화	예술
예습	명사	교육	교수 학습 행위
예식장	명사	삶	가족 행사
예약	명사	삶	여가 활동
예언	명사	사회생활	언어 행위
예의	명사	사회생활	사회 활동
예의범절	명사	인간	태도
예전	명사	개념	시간
예절	명사	사회생활	사회 활동
예정일	명사	개념	시간
예측	명사	인간	인지 행위
옛날	명사	개념	시간
옛날	명사	개념	시간
옛날이야기	명사	사회생활	언어 행위
옛말00	명사	사회생활	말
오03/오04	수사/관형사	개념	수
오가다	동사	삶	일상 행위
오기01	명사	인간	감정
오누이	명사	삶	친족 관계
오늘02/오늘01	부사/명사	개념	시간
오늘날	명사	개념	시간
오다01	동사	인간	신체 행위
오다01	동사	자연	기상 및 기후
오디오	명사	주생활	생활용품
오락01	명사	삶	여가 활동
오락01	명사	삶	여가 활동
오락실	명사	삶	여가 시설
오래	부사	개념	시간
오래간만	명사	개념	시간
오래도록	부사	개념	시간
오래되다	형용사	개념	시간
오래오래	부사	개념	시간
오랜	관형사	개념	시간
오랜만	명사	개념	시간
오랫동안	명사	개념	시간
오렌지	명사	식생활	과일
오르막길	명사	자연	지형
오른발	명사	인간	신체 부위
오른손	명사	인간	신체 부위
오른쪽	명사	개념	위치 및 방향
오른팔	명사	인간	신체 부위
오른편	명사	개념	위치 및 방향
오름세	명사	경제생활	경제 상태
오리	명사	동식물	동물류
오리다	동사	인간	신체 행위
오만00	명사	인간	태도
오빠	명사	삶	친족 관계
오십01/오십02	수사/관형사	개념	수
오월	명사	개념	시간
오이	명사	식생활	채소
오전	명사	개념	시간
오줌	명사	인간	생리 현상
오징어	명사	식생활	식재료
오케스트라	명사	문화	음악
오토바이	명사	사회생활	교통수단
오페라	명사	문화	대중문화
오피스텔	명사	주생활	건물 종류
오해	명사	인간	인지 행위
오후02	명사	개념	시간
옥상	명사	주생활	주택 구성
옥수수	명사	식생활	곡류
온	관형사	개념	정도
온난화	명사	자연	재해
온대	명사	개념	지역
온도	명사	개념	온도
온돌	명사	주생활	주택 구성
온라인	명사	사회생활	매체
온몸	명사	인간	신체 부위
온수	명사	식생활	음료
온실가스00	명사	자연	재해
온전하다	형용사	개념	모양
온종일02/온종일01	부사/명사	개념	시간
온통/온통00	부사/명사	개념	정도
온화하다	형용사	자연	기상 및 기후
올	명사	개념	시간
올라가다	동사	인간	신체 행위
올라오다	동사	인간	신체 행위
올리다	동사	경제생활	경제 행위
올림01	명사	사회생활	통신 행위
올바르다	형용사	인간	태도
올여름	명사	개념	시간
올해	명사	개념	시간
옳다01	형용사	인간	인지 행위
옷	명사	의생활	옷 종류
옷감	명사	의생활	옷감
옷걸이	명사	주생활	생활용품
옷깃	명사	의생활	옷의 부분
옷자락	명사	의생활	옷의 부분
옷장	명사	주생활	생활용품
옷차림	명사	의생활	의복 착용 상태
옹기종기	부사	개념	모양
와이셔츠	명사	의생활	옷 종류
와인	명사	식생활	음료
완만하다02	형용사	개념	모양
완성도	명사	개념	정도
완전히	부사	개념	정도
완치	명사	삶	치료 행위
완쾌	명사	삶	치료 행위
왈가왈부	명사	사회생활	언어 행위
왕	명사	정치와 행정	정치 및 행정 주체
왕궁	명사	문화	전통문화
왕권	명사	정치와 행정	정치 및 행정 행위
왕따00	명사	사회생활	사회 생활 상태
왕래	명사	사회생활	사회 활동
왕복	명사	사회생활	교통 이용 행위
왕위	명사	정치와 행정	정치 및 행정 주체
왕자01	명사	정치와 행정	정치 및 행정 주체
왜02	부사	개념	의문
왜소하다	형용사	개념	모양
외과	명사	삶	치료 시설
외교	명사	정치와 행정	정치 및 행정 행위
외교관	명사	정치와 행정	정치 및 행정 주체
외국	명사	개념	지역
외국어	명사	사회생활	말
외국인	명사	인간	사람의 종류
외동딸	명사	인간	사람의 종류
외동아들	명사	인간	사람의 종류
외래어	명사	사회생활	말
외로움	명사	인간	감정
외롭다	형용사	인간	감정
외모	명사	인간	용모
외무	명사	정치와 행정	정치 및 행정 행위
외무부00	명사	정치와 행정	정치 및 행정 주체
외박	명사	삶	일상 행위
외부	명사	개념	위치 및 방향
외삼촌	명사	삶	친족 관계
외숙모	명사	삶	친족 관계
외식	명사	식생활	식사 및 조리 행위
외식비	명사	경제생활	경제 수단
외신	명사	사회생활	통신 행위
외아들	명사	삶	친족 관계
외양	명사	인간	용모
외우다	동사	인간	인지 행위
외유내강	명사	인간	성격
외제	명사	경제생활	경제 행위
외출	명사	삶	일상 행위
외출복	명사	의생활	옷 종류
외치다	동사	사회생활	언어 행위
외투01	명사	의생활	옷 종류
외할머니	명사	삶	친족 관계
외할아버지	명사	삶	친족 관계
외향적01∙외향적02	관형사∙명사	인간	성격
외형	명사	개념	모양
외형적01∙외형적02	관형사∙명사	개념	모양
외화01	명사	경제생활	경제 수단
외환	명사	경제생활	경제 수단
왼발	명사	인간	신체 부위
왼손	명사	인간	신체 부위
왼쪽	명사	개념	위치 및 방향
왼편	명사	개념	위치 및 방향
요01	명사	주생활	생활용품
요03	관형사	개념	지시
요가	명사	삶	여가 활동
요구	명사	사회생활	사회 활동
요구르트	명사	식생활	음료
요금	명사	경제생활	경제 수단
요령	명사	인간	인지 행위
요리02	명사	식생활	식사 및 조리 행위
요리02	명사	식생활	식사 및 조리 행위
요리법	명사	식생활	식사 및 조리 행위
요리사	명사	사회생활	직업
요새01	명사	개념	시간
요양	명사	삶	치료 행위
요양원	명사	삶	치료 시설
요원	명사	정치와 행정	사법 및 치안 주체
요일	명사	개념	시간
요즈음	명사	개념	시간
요즘	명사	개념	시간
요청	명사	사회생활	언어 행위
요트	명사	사회생활	교통수단
욕	명사	사회생활	언어 행위
욕구	명사	인간	감정
욕망	명사	인간	감정
욕설	명사	사회생활	언어 행위
욕실	명사	주생활	주택 구성
욕심	명사	인간	감정
용02	명사	동식물	동물류
용감하다	형용사	인간	태도
용기01	명사	인간	태도
용기02	명사	식생활	조리 도구
용돈	명사	경제생활	경제 수단
용량	명사	개념	양
용례	명사	교육	학문 용어
용모	명사	인간	용모
용법	명사	교육	학문 용어
용서	명사	사회생활	사회 활동
용어	명사	사회생활	말
용의자	명사	정치와 행정	사법 및 치안 주체
용지	명사	교육	학습 관련 사물
용하다	형용사	인간	능력
우기	명사	자연	기상 및 기후
우기다	동사	사회생활	언어 행위
우뇌00	명사	인간	신체 부위
우대	명사	사회생활	사회 활동
우동	명사	식생활	음식
우두커니	부사	개념	모양
우뚝	부사	개념	모양
우량	명사	인간	능력
우렁차다	형용사	인간	능력
우려	명사	인간	인지 행위
우르르	부사	개념	모양
우리02	대명사	개념	인칭
우리나라	명사	개념	지역
우산	명사	의생활	모자, 신발, 장신구
우선01	부사	개념	순서
우선02	명사	개념	순서
우선시00	명사	인간	인지 행위
우세	명사	인간	능력
우수성	명사	인간	능력
우스꽝스럽다	형용사	개념	모양
우습다	형용사	인간	감정
우아하다	형용사	인간	태도
우여곡절	명사	삶	삶의 상태
우열00	명사	인간	능력
우울	명사	인간	감정
우울증	명사	삶	병과 증상
우월	명사	인간	능력
우위	명사	인간	능력
우유	명사	식생활	음료
우유부단	명사	인간	태도
우정	명사	인간	감정
우주	명사	자연	천체
우직하다	형용사	인간	성격
우체국	명사	정치와 행정	공공 기관
우체통	명사	사회생활	소통 수단
우측	명사	개념	위치 및 방향
우파	명사	정치와 행정	정치 및 행정 행위
우편02	명사	사회생활	소통 수단
우편물	명사	사회생활	소통 수단
우편함	명사	사회생활	소통 수단
우호적01∙우호적02	관형사∙명사	인간	태도
우회전	명사	개념	위치 및 방향
운동	명사	삶	여가 활동
운동량	명사	삶	여가 활동
운동복	명사	의생활	옷 종류
운동선수	명사	사회생활	직업
운동장	명사	삶	여가 시설
운동화	명사	의생활	모자, 신발, 장신구
운송	명사	경제생활	경제 행위
운수업	명사	사회생활	직업
운영	명사	사회생활	직장 생활
운전	명사	사회생활	교통 이용 행위
운전기사	명사	사회생활	직업
운전사	명사	사회생활	직업
운전자	명사	인간	사람의 종류
운항	명사	사회생활	교통 이용 행위
운행	명사	사회생활	교통 이용 행위
울다01	동사	인간	신체 행위
울다01	동사	동식물	동식물 행위
울먹이다	동사	인간	신체 행위
울부짖다	동사	인간	신체 행위
울산	명사	개념	지역
울음	명사	인간	신체 행위
울음소리	명사	인간	생리 현상
울타리	명사	주생활	주택 구성
울퉁불퉁	부사	개념	모양
울퉁불퉁하다	형용사	개념	모양
움직이다	동사	인간	신체 행위
움직임	명사	인간	신체 행위
움츠리다	동사	인간	신체 행위
움켜잡다	동사	인간	신체 행위
움켜쥐다	동사	인간	신체 행위
웃다	동사	인간	신체 행위
웃어른	명사	사회생활	인간관계
웃음	명사	인간	신체 행위
웃음소리	명사	인간	생리 현상
웅성웅성	부사	인간	소리
웅장하다	형용사	개념	모양
웅크리다	동사	인간	신체 행위
원01	의존명사	개념	세는 말
-원03	접사	교육	교육 기관
원가	명사	경제생활	경제 수단
원고01	명사	정치와 행정	사법 및 치안 주체
원금	명사	경제생활	경제 수단
원룸	명사	주생활	건물 종류
원만하다	형용사	인간	성격
원망	명사	인간	감정
원수03	명사	사회생활	인간관계
원숭이	명사	동식물	동물류
원시01	명사	개념	시간
원심력	명사	교육	학문 용어
원어민	명사	인간	사람의 종류
원유	명사	자연	자원
원자력	명사	자연	자원
원작	명사	문화	문학
원장01	명사	사회생활	직위
원조02	명사	경제생활	경제 행위
원주민	명사	인간	사람의 종류
원피스	명사	의생활	옷 종류
원하다	동사	인간	인지 행위
원형01	명사	개념	모양
원형02	명사	개념	모양
원화	명사	경제생활	경제 수단
월02/월01	의존명사/명사	개념	세는 말
월03	명사	개념	시간
월간01	명사	개념	시간
월급	명사	경제생활	경제 수단
월드컵	명사	삶	여가 활동
월말	명사	개념	시간
월세	명사	주생활	주거 형태
월세	명사	주생활	주거 형태
월요일	명사	개념	시간
월차	명사	개념	시간
웬만하다	형용사	개념	정도
웰빙00	명사	삶	삶의 상태
위01	명사	개념	위치 및 방향
위01	명사	개념	위치 및 방향
위03	의존명사	개념	순서
위04	명사	인간	신체 내부 구성
위계질서	명사	사회생활	사회 생활 상태
위독하다	형용사	삶	병과 증상
위력	명사	인간	능력
위로	명사	사회생활	언어 행위
위반	명사	사회생활	사회 활동
위법	명사	정치와 행정	정치 및 치안 상태
위생적01∙위생적02	관형사∙명사	주생활	주거 상태
위성	명사	자연	천체
위아래	명사	개념	위치 및 방향
위안	명사	사회생활	사회 활동
위암	명사	삶	병과 증상
위염	명사	삶	병과 증상
위원	명사	정치와 행정	정치 및 행정 주체
위인01	명사	인간	사람의 종류
위인02	명사	인간	사람의 종류
위쪽	명사	개념	위치 및 방향
위층	명사	개념	위치 및 방향
위치	명사	개념	위치 및 방향
위하다	동사	사회생활	사회 활동
위험	명사	사회생활	교통 이용 행위
위협	명사	사회생활	언어 행위
위화감	명사	인간	감정
윗사람	명사	사회생활	인간관계
유가01	명사	경제생활	경제 수단
유교	명사	종교	종교 유형
유권자	명사	정치와 행정	정치 및 행정 주체
유난스럽다	형용사	인간	태도
유난히	부사	인간	태도
유능00	명사	인간	능력
유대감	명사	사회생활	사회 활동
유도01	명사	삶	여가 활동
유도02	명사	사회생활	사회 활동
유람선	명사	사회생활	교통수단
유럽	명사	개념	지역
유료	명사	경제생활	경제 수단
유리02	명사	주생활	가사 행위
유리창	명사	주생활	주택 구성
유머	명사	사회생활	언어 행위
유물	명사	문화	전통문화
유사02	명사	개념	모양
유산02	명사	문화	전통문화
유서02	명사	사회생활	언어 행위
유세	명사	정치와 행정	정치 및 행정 행위
유식하다	형용사	인간	능력
유심히	부사	인간	태도
유아01	명사	인간	사람의 종류
유언	명사	사회생활	언어 행위
유언비어	명사	사회생활	말
유연성	명사	인간	체력 상태
유연하다01	형용사	인간	체력 상태
유월	명사	개념	시간
유의	명사	인간	인지 행위
유적	명사	문화	전통문화
유적지	명사	문화	문화생활 장소
유전02	명사	교육	학문 용어
유전병	명사	삶	병과 증상
유전자	명사	교육	학문 용어
유출	명사	사회생활	통신 행위
유치02	명사	사회생활	사회 활동
유치원	명사	교육	교육 기관
유치하다00	형용사	인간	태도
유쾌00	명사	인간	감정
유통	명사	경제생활	경제 행위
유통	명사	경제생활	경제 행위
유포	명사	사회생활	통신 행위
유학01	명사	교육	교수 학습 행위
유학03	명사	교육	전공과 교과목
유학생	명사	교육	교수 학습 주체
유행가	명사	문화	대중문화
유혹	명사	사회생활	사회 활동
유흥비	명사	경제생활	경제 수단
유희	명사	삶	여가 활동
육01/육02	수사/관형사	개념	수
육교	명사	사회생활	교통 이용 장소
육군	명사	정치와 행정	사법 및 치안 주체
육로	명사	사회생활	교통 이용 장소
육류	명사	식생활	식재료
육식	명사	식생활	식사 및 조리 행위
육십01/육십02	수사/관형사	개념	수
육아	명사	삶	삶의 행위
육지	명사	자연	지형
육체	명사	인간	신체 부위
윤	명사	개념	밝기
윤리	명사	교육	전공과 교과목
윤리적00	관형사∙명사	인간	태도
율동	명사	문화	문화 활동
융통성	명사	인간	태도
융합	명사	사회생활	사회 활동
윷놀이	명사	삶	여가 도구
으르다	동사	인간	태도
으스대다	동사	인간	태도
은01	명사	자연	자원
은근히	부사	개념	성질
은사01	명사	교육	교수 학습 주체
은은하다	형용사	개념	밝기
은퇴	명사	사회생활	직장 생활
은행01	명사	경제생활	경제 행위 장소
은혜	명사	사회생활	사회 활동
읊다	동사	사회생활	언어 행위
음00	명사	인간	소리
음02	명사	교육	학문 용어
음력	명사	개념	시간
음료	명사	식생활	음료
음료수	명사	식생활	음료
음료수	명사	식생활	음료
음반	명사	문화	음악
음성01	명사	인간	생리 현상
음식	명사	식생활	음식
음식물	명사	식생활	음식
음식점	명사	식생활	식생활 관련 장소
음악	명사	문화	음악
음악가	명사	문화	문화 활동 주체
음악회	명사	문화	문화생활 장소
음주	명사	식생활	식사 및 조리 행위
음치	명사	인간	능력
응급	명사	삶	치료 행위
응급실	명사	삶	치료 시설
응답	명사	사회생활	언어 행위
응답자	명사	인간	사람의 종류
응시02	명사	사회생활	직장 생활
응원	명사	사회생활	사회 활동
응하다	동사	사회생활	사회 활동
의견	명사	사회생활	언어 행위
의과	명사	교육	전공과 교과목
의논	명사	사회생활	언어 행위
의대	명사	교육	교육 기관
의도적01∙의도적02	관형사∙명사	인간	태도
의뢰	명사	사회생활	사회 활동
의료	명사	삶	치료 행위
의류	명사	의생활	옷 종류
의무	명사	정치와 행정	정치 및 행정 행위
의문	명사	인간	인지 행위
의미	명사	사회생활	언어 행위
의복	명사	의생활	옷 종류
의사01	명사	사회생활	언어 행위
의사03	명사	사회생활	직업
의사소통	명사	사회생활	언어 행위
의상	명사	의생활	옷 종류
의성어	명사	사회생활	말
의술	명사	삶	치료 행위
의식01	명사	인간	감각
의식01	명사	인간	감각
의식02	명사	사회생활	사회 행사
의식적01∙의식적02	관형사∙명사	인간	인지 행위
의심	명사	인간	인지 행위
의아하다	형용사	인간	감정
의약품	명사	삶	치료 행위
의외로	부사	인간	감정
의욕	명사	인간	감정
의욕적01∙의욕적02	관형사∙명사	인간	태도
의원02	명사	정치와 행정	정치 및 행정 주체
의자	명사	주생활	생활용품
의젓하다	형용사	인간	태도
의존	명사	사회생활	사회 활동
의존적01∙의존적02	관형사∙명사	인간	태도
의지01	명사	사회생활	사회 활동
의지02	명사	인간	태도
의태어	명사	사회생활	말
의학	명사	교육	전공과 교과목
의향	명사	인간	인지 행위
의혹	명사	인간	감정
의회	명사	정치와 행정	정치 및 행정 주체
이03	명사	인간	신체 부위
이04	의존명사	인간	사람의 종류
이06/이05	관형사/대명사	개념	지시
이07/이08	수사/관형사	개념	수
이거	대명사	개념	지시
이것	대명사	개념	지시
이것저것01	명사	개념	지시
이견	명사	사회생활	언어 행위
이곳	대명사	개념	지시
이곳저곳	명사	개념	지역
이기다01	동사	사회생활	사회 활동
이기심	명사	인간	감정
이기적01∙이기적02	관형사∙명사	인간	태도
이기주의	명사	인간	태도
이끌다	동사	사회생활	사회 활동
이끌다	동사	사회생활	사회 활동
이날	명사	개념	시간
이내02	부사	개념	정도
이다00	동사	인간	신체 행위
이달	명사	개념	시간
이대로	부사	개념	지시
이득	명사	경제생활	경제 상태
이듬해	명사	개념	시간
이따	부사	개념	시간
이따가	부사	개념	시간
이따금	부사	개념	빈도
이때	명사	개념	시간
이래02	의존명사	개념	시간
이런01	관형사	개념	지시
이렇다	형용사	개념	지시
이레	명사	개념	수
이력	명사	인간	능력
이력서	명사	사회생활	직장 생활
이론적01∙이론적02	관형사∙명사	교육	학문 행위
이루01	부사	개념	정도
이륙	명사	사회생활	교통 이용 행위
이르다03	형용사	개념	시간
이름나다	동사	사회생활	사회 생활 상태
이름표	명사	개념	위치 및 방향
이리02	부사	개념	위치 및 방향
이리저리02	부사	개념	위치 및 방향
이마	명사	인간	신체 부위
이만큼01/이만큼02	부사/명사	개념	정도
이메일	명사	사회생활	소통 수단
이모	명사	삶	친족 관계
이미	부사	개념	시간
이바지00	명사	사회생활	사회 활동
이발	명사	의생활	미용 행위
이번	명사	개념	시간
이벤트	명사	사회생활	사회 활동
이별	명사	사회생활	사회 활동
이분	대명사	개념	인칭
이불	명사	주생활	생활용품
이비인후과	명사	삶	치료 시설
이사02	명사	주생활	주거 행위
이산가족	명사	삶	친족 관계
이삿짐	명사	주생활	주거 행위
이상01	명사	개념	정도
이상02	명사	인간	인지 행위
이상형	명사	개념	모양
이성01	명사	인간	감각
이성02	명사	사회생활	인간관계
이성적01∙이성적02	관형사∙명사	인간	태도
이슬	명사	자연	지표면 사물
이슬람교	명사	종교	종교 유형
이식	명사	삶	치료 행위
이심전심	명사	인간	감정
이십01/이십02	수사/관형사	개념	수
이야기	명사	사회생활	언어 행위
이야기	명사	사회생활	언어 행위
이어	부사	개념	순서
이어서	부사	개념	순서
이어지다	동사	개념	순서
이어폰	명사	의생활	모자, 신발, 장신구
이용자	명사	인간	사람의 종류
이웃	명사	사회생활	인간관계
이웃	명사	사회생활	인간관계
이월01	명사	개념	시간
이윤	명사	경제생활	경제 상태
이익	명사	경제생활	경제 행위
이자02	명사	경제생활	경제 수단
이전	명사	개념	순서
이제02/이제01	부사/명사	개념	시간
이제껏	부사	개념	시간
이주	명사	주생활	주거 행위
이주민	명사	인간	사람의 종류
이직	명사	사회생활	직장 생활
이직률	명사	경제생활	경제 상태
이쪽	대명사	개념	위치 및 방향
이튿날	명사	개념	시간
이틀	명사	개념	시간
이하	명사	개념	정도
이해01	명사	경제생활	경제 상태
이해02	명사	인간	인지 행위
이혼	명사	삶	가족 행사
이혼율00	명사	개념	정도
이후	명사	개념	순서
익다01	동사	식생활	식사 및 조리 행위
익다01	동사	식생활	식사 및 조리 행위
익살스럽다	형용사	개념	모양
익히다01	동사	식생활	식사 및 조리 행위
익히다01	동사	식생활	식사 및 조리 행위
-인	접사	인간	사람의 종류
인02	명사	개념	세는 말
인간	명사	인간	사람의 종류
인간관계	명사	사회생활	인간관계
인간미	명사	인간	태도
인간성	명사	인간	성격
인간적01∙인간적02	관형사∙명사	인간	태도
인건비	명사	경제생활	경제 수단
인격	명사	인간	성격
인근	명사	개념	위치 및 방향
인내	명사	인간	성격
인내심	명사	인간	성격
인도02	명사	사회생활	교통 이용 장소
인도네시아	명사	개념	지역
인문계00	명사	교육	전공과 교과목
인문학	명사	교육	전공과 교과목
인물	명사	인간	사람의 종류
인분02	의존명사	개념	세는 말
인사01	명사	인간	사람의 종류
인사02	명사	사회생활	사회 활동
인사02	명사	사회생활	사회 활동
인사03	명사	사회생활	직장 생활
인산인해	명사	개념	양
인삼	명사	식생활	식재료
인삼차	명사	식생활	음료
인상01	명사	인간	용모
인상02	명사	경제생활	경제 행위
인상03	명사	인간	용모
인상착의	명사	인간	용모
인색	명사	인간	성격
인성	명사	인간	성격
인쇄	명사	사회생활	통신 행위
인스턴트	명사	식생활	음식
인식	명사	인간	인지 행위
인심	명사	인간	감정
인연	명사	사회생활	인간관계
인용	명사	교육	학문 행위
인정01	명사	인간	감정
인정02	명사	인간	인지 행위
인종	명사	인간	사람의 종류
인지03	명사	인간	인지 행위
인지도	명사	개념	정도
인천	명사	개념	지역
인체	명사	인간	신체 부위
인출	명사	경제생활	경제 행위
인터넷	명사	사회생활	매체
인터뷰	명사	사회생활	언어 행위
인턴	명사	사회생활	직위
인하	명사	경제생활	경제 행위
인형	명사	삶	여가 도구
-일	접사	개념	시간
일02/일03	수사/관형사	개념	수
일04	명사	개념	시간
일06/일05	의존명사/명사	개념	세는 말
일간지	명사	사회생활	매체
일감	명사	경제생활	경제 수단
일거양득	명사	경제생활	경제 상태
일곱02/일곱01	수사/관형사	개념	수
일곱째02∙일곱째01/일곱째03	수사·관형사/명사	개념	순서
일과	명사	삶	일상 행위
일관성	명사	인간	태도
일광욕	명사	삶	여가 활동
일교차	명사	개념	정도
일그러지다	동사	개념	모양
일기03	명사	삶	일상 행위
일깨우다	동사	인간	인지 행위
일대03	명사	개념	위치 및 방향
일등	명사	개념	순서
일몰	명사	자연	기상 및 기후
일반석	명사	사회생활	교통수단
일반인	명사	인간	사람의 종류
일방적01∙일방적02	관형사∙명사	인간	태도
일본	명사	개념	지역
일본어	명사	사회생활	말
일본인00	명사	인간	사람의 종류
일부	명사	개념	정도
일부러	부사	인간	태도
일부분	명사	개념	정도
일시01/일시02	명사/부사	개념	시간
일시03	명사	개념	시간
일시불	명사	경제생활	경제 수단
일시적01∙일시적02	관형사∙명사	개념	시간
일식01	명사	식생활	음식
일식집	명사	식생활	식생활 관련 장소
일어	명사	사회생활	말
일어나다	동사	삶	일상 행위
일어나다	동사	인간	신체 행위
일어서다	동사	인간	신체 행위
일요일	명사	개념	시간
일월	명사	개념	시간
일자02	명사	개념	시간
일자리	명사	사회생활	직업
일정량	명사	개념	양
일주	명사	삶	여가 활동
일주일	명사	개념	시간
일찌감치	부사	개념	시간
일찍	부사	개념	시간
일찍	부사	개념	시간
일찍이	부사	개념	시간
일체02/일체01	명사/부사	개념	정도
일출	명사	자연	기상 및 기후
일컫다	동사	사회생활	언어 행위
일터	명사	경제생활	경제 행위 장소
일행	명사	사회생활	인간관계
일흔02/일흔01	수사/관형사	개념	수
읽기	명사	교육	교수 학습 행위
읽다	동사	사회생활	언어 행위
임금02	명사	경제생활	경제 수단
임기	명사	개념	시간
임대	명사	주생활	주거 형태
임대료	명사	경제생활	경제 수단
임명	명사	사회생활	직장
임무	명사	사회생활	직장 생활
임산부	명사	인간	사람의 종류
임신	명사	삶	삶의 행위
임신부	명사	인간	사람의 종류
임용	명사	사회생활	직장
임원	명사	사회생활	직위
임종	명사	삶	삶의 행위
입	명사	인간	신체 부위
입가	명사	인간	신체 부위
입구	명사	사회생활	교통 이용 장소
입금	명사	경제생활	경제 행위
입다	동사	의생활	의복 착용 행위
입대	명사	정치와 행정	정치 및 행정 행위
입맛	명사	인간	감각
입사	명사	사회생활	직장 생활
입술	명사	인간	신체 부위
입시	명사	교육	교수 학습 행위
입실	명사	주생활	주거 행위
입원	명사	삶	치료 행위
입장권	명사	삶	여가 활동
입장료	명사	경제생활	경제 수단
입학	명사	교육	교수 학습 행위
입학시험	명사	교육	교수 학습 행위
입학식	명사	사회생활	사회 행사
입히다	동사	의생활	의복 착용 행위
잇다	동사	개념	순서
잇따르다	동사	개념	순서
잇몸	명사	인간	신체 부위
잊다	동사	인간	인지 행위
잊어버리다	동사	인간	인지 행위
잊히다	동사	인간	인지 행위
잎	명사	동식물	식물의 부분
자01	명사	교육	학습 관련 사물
자가용	명사	사회생활	교통수단
자각	명사	인간	인지 행위
자갈	명사	자연	지표면 사물
자국02	명사	개념	지역
자그마하다	형용사	개념	모양
자극적01∙자극적02	관형사∙명사	개념	정도
자금	명사	경제생활	경제 수단
자급자족	명사	경제생활	경제 상태
자기02/자기01	대명사/명사	개념	인칭
자기소개	명사	사회생활	사회 활동
자기중심적00	관형사∙명사	인간	태도
자꾸	부사	개념	빈도
자꾸만	부사	개념	빈도
자네	대명사	개념	인칭
자녀	명사	삶	친족 관계
자다	동사	삶	일상 행위
자동차	명사	사회생활	교통수단
자라다	동사	동식물	동식물 행위
자랑	명사	인간	태도
자랑스럽다	형용사	인간	감정
자료	명사	교육	학습 관련 사물
자리01	명사	개념	위치 및 방향
자만	명사	인간	태도
자매	명사	삶	친족 관계
자모	명사	교육	학문 용어
자문02	명사	사회생활	언어 행위
자발적01∙자발적02	관형사∙명사	인간	태도
자백	명사	사회생활	언어 행위
자본	명사	경제생활	경제 수단
자부심	명사	인간	감정
자산	명사	경제생활	경제 수단
자살	명사	삶	삶의 행위
자상하다	형용사	인간	성격
자선	명사	사회생활	사회 활동
자세	명사	인간	태도
자손	명사	삶	친족 관계
자수01	명사	정치와 행정	사법 및 치안 행위
자수성가	명사	삶	삶의 행위
자식01	명사	삶	친족 관계
자신01	명사	개념	인칭
자신02	명사	인간	감정
자신감	명사	인간	감정
자신만만하다	형용사	인간	태도
자연계01	명사	교육	전공과 교과목
자연스럽다	형용사	인간	태도
자연재해	명사	자연	재해
자영업	명사	사회생활	직업
자영업자00	명사	경제생활	경제 행위 주체
자외선	명사	자연	기상 및 기후
자원	명사	자연	자원
자원00	명사	인간	태도
자원봉사	명사	사회생활	사회 활동
자원봉사자	명사	인간	사람의 종류
자유	명사	삶	삶의 상태
자유롭다	형용사	인간	태도
자유분방	명사	인간	태도
자유자재	명사	인간	능력
자율	명사	인간	태도
자율성	명사	인간	태도
자율적01∙자율적02	관형사∙명사	인간	태도
자음	명사	교육	학문 용어
자자손손	명사	삶	친족 관계
자장가	명사	문화	음악
자장면	명사	식생활	음식
자재	명사	주생활	주택 구성
자전거	명사	사회생활	교통수단
자정01	명사	개념	시간
자존심	명사	인간	감정
자주	부사	개념	빈도
자주색	명사	개념	색깔
자질	명사	인간	능력
자치	명사	정치와 행정	정치 및 행정 행위
자태	명사	개념	모양
-작	접사	문화	예술
작가	명사	문화	문화 활동 주체
작곡	명사	문화	문화 활동
작곡가	명사	문화	문화 활동 주체
작년	명사	개념	시간
작다	형용사	개념	모양
작다	형용사	개념	모양
작문	명사	교육	교수 학습 행위
작별	명사	사회생활	사회 활동
작성	명사	교육	교수 학습 행위
작성자	명사	인간	사람의 종류
작업	명사	사회생활	직장 생활
작은아버지	명사	삶	친족 관계
작은어머니	명사	삶	친족 관계
작정	명사	인간	인지 행위
작품	명사	문화	예술
잔	명사	개념	세는 말
잔고	명사	경제생활	경제 수단
잔돈01	명사	경제생활	경제 수단
잔돈02	명사	경제생활	경제 수단
잔돈02	명사	경제생활	경제 수단
잔뜩	부사	개념	정도
잔소리	명사	사회생활	언어 행위
잔치	명사	사회생활	사회 행사
잘	부사	개념	정도
잘나다	형용사	인간	능력
잘다	형용사	개념	모양
잘못하다	동사	인간	능력
잘생기다	형용사	인간	용모
잘하다	동사	인간	능력
잠	명사	삶	일상 행위
잠그다01	동사	의생활	의복 착용 행위
잠깐02/잠깐01	부사/명사	개념	시간
잠꼬대	명사	사회생활	언어 행위
잠들다	동사	삶	일상 행위
잠시02/잠시01	부사/명사	개념	시간
잠옷	명사	의생활	옷 종류
잠자다	동사	삶	일상 행위
잠자리02	명사	동식물	곤충류
잠자코	부사	인간	태도
잠재력	명사	인간	능력
잡다	동사	인간	신체 행위
잡다	동사	인간	신체 행위
잡담	명사	사회생활	언어 행위
잡수시다	동사	식생활	식사 및 조리 행위
잡지	명사	사회생활	매체
잡채	명사	식생활	음식
잡초	명사	동식물	식물류
-장03	접사	사회생활	직위
장06	명사	인간	신체 내부 구성
장07	명사	식생활	식재료
-장08	접사	삶	가족 행사
장02	의존명사	개념	세는 말
장가	명사	삶	가족 행사
장갑	명사	의생활	모자, 신발, 장신구
장관02	명사	정치와 행정	정치 및 행정 주체
장군01	명사	정치와 행정	사법 및 치안 주체
장기01	명사	인간	능력
장기02	명사	개념	시간
장기04	명사	인간	신체 내부 구성
장기간	명사	개념	시간
장기적01∙장기적02	관형사∙명사	개념	시간
장난감	명사	삶	여가 도구
장남	명사	삶	친족 관계
장년	명사	삶	삶의 상태
장담	명사	사회생활	언어 행위
장래	명사	개념	시간
장래성	명사	인간	능력
장례	명사	삶	가족 행사
장례식	명사	삶	가족 행사
장마	명사	자연	재해
장마철	명사	개념	시간
장모	명사	삶	친족 관계
장미	명사	동식물	식물류
장미꽃00	명사	동식물	식물류
장본인	명사	인간	사람의 종류
장사01	명사	경제생활	경제 행위
장소	명사	개념	지역
장시간	명사	개념	시간
장애인	명사	인간	사람의 종류
장유유서00	명사	사회생활	사회 활동
장인	명사	삶	친족 관계
장차	부사	개념	시간
장하다	형용사	인간	감정
장학금	명사	경제생활	경제 수단
잦다02	형용사	개념	빈도
재난	명사	자연	재해
재능	명사	인간	능력
재떨이	명사	주생활	생활용품
재력	명사	경제생활	경제 상태
재료	명사	식생활	식재료
재무	명사	경제생활	경제 수단
재물	명사	경제생활	경제 수단
재미01	명사	인간	감정
재배02	명사	경제생활	경제 행위
재벌	명사	경제생활	경제 행위 주체
재빠르다	형용사	인간	태도
재산	명사	경제생활	경제 수단
재수01	명사	교육	교수 학습 행위
재앙	명사	자연	재해
재원02	명사	경제생활	경제 수단
재작년	명사	개념	시간
재정	명사	경제생활	경제 상태
재정적01∙재정적02	관형사∙명사	경제생활	경제 상태
재주	명사	인간	능력
재주	명사	인간	능력
재직	명사	사회생활	직장 생활
재채기	명사	인간	생리 현상
재치	명사	인간	능력
재킷	명사	의생활	옷 종류
재테크	명사	경제생활	경제 행위
재판02	명사	정치와 행정	사법 및 치안 행위
재학	명사	교육	교수 학습 행위
재학생	명사	교육	교수 학습 주체
재해	명사	자연	재해
재혼	명사	삶	삶의 행위
재활	명사	삶	치료 행위
잼	명사	식생활	식재료
잽싸다	형용사	인간	태도
쟤	줄어든 말	개념	인칭
저01	대명사	개념	인칭
저-01	접사	개념	정도
저04/저03	관형사/대명사	개념	지시
저가	명사	경제생활	경제 상태
저거	대명사	개념	지시
저것	대명사	개념	지시
저고리	명사	의생활	옷 종류
저곳	대명사	개념	지시
저금	명사	경제생활	경제 행위
저급	명사	개념	정도
저기01	대명사	개념	지시
저기02	감탄사	개념	지시
저기압	명사	자연	기상 및 기후
저녁	명사	개념	시간
저녁	명사	식생활	식사 및 조리 행위
저녁때	명사	개념	시간
저녁때	명사	개념	시간
저러다	동사	개념	지시
저런01	관형사	개념	지시
저렇다	형용사	개념	지시
저렴하다	형용사	경제생활	경제 상태
저리01	부사	개념	위치 및 방향
저리다	형용사	인간	감각
저만큼01/저만큼02	부사/명사	개념	정도
저물다	동사	자연	기상 및 기후
저번	명사	개념	시간
저분	대명사	개념	인칭
저서	명사	문화	문학
저소득	명사	경제생활	경제 상태
저울	명사	식생활	조리 도구
저자03	명사	문화	문화 활동 주체
저쪽	대명사	개념	지시
저축	명사	경제생활	경제 행위
저하01	명사	개념	정도
저학력00	명사	인간	능력
저혈압	명사	삶	병과 증상
저희	대명사	개념	인칭
적02	명사	사회생활	인간관계
적극	명사	인간	태도
적극적01∙적극적02	관형사∙명사	인간	태도
적금	명사	경제생활	경제 행위
적다01	동사	개념	양
적당하다	형용사	개념	정도
적당히	부사	인간	태도
적대	명사	사회생활	사회 활동
적도	명사	개념	지역
적령기	명사	개념	시간
적립	명사	경제생활	경제 행위
적발	명사	정치와 행정	사법 및 치안 행위
적색	명사	개념	색깔
적성	명사	인간	능력
적어도	부사	개념	정도
적어지다	동사	개념	정도
적응	명사	사회생활	사회 활동
적응력	명사	인간	능력
적자01	명사	경제생활	경제 수단
적잖다	형용사	개념	양
적절하다	형용사	개념	정도
전01	관형사	개념	수
-전02	접사	문화	문화생활 장소
전02/전03	명사/관형사	개념	순서
-전04	접사	삶	여가 활동
전공01	명사	교육	전공과 교과목
전공01	명사	교육	전공과 교과목
전구	명사	주생활	생활용품
전국	명사	개념	지역
전기02	명사	개념	시간
전기04	명사	주생활	가사 행위
전날	명사	개념	시간
전년	명사	개념	시간
전념	명사	인간	태도
전달02	명사	사회생활	사회 활동
전등	명사	주생활	생활용품
전력00	명사	자연	자원
전력01	명사	인간	태도
전문01	명사	사회생활	소통 수단
전문가	명사	사회생활	직업
전문점	명사	경제생활	경제 행위 장소
전문직	명사	사회생활	직업
전반	명사	개념	시간
전부02/전부01	부사/명사	개념	양
전설	명사	문화	전통문화
전성기	명사	개념	시간
전세01	명사	주생활	주거 형태
전셋값	명사	경제생활	경제 수단
전송01	명사	사회생활	통신 행위
전시01	명사	문화	문화 활동
전시관	명사	문화	문화생활 장소
전시장	명사	문화	문화생활 장소
전시회	명사	문화	문화생활 장소
전신01	명사	인간	신체 부위
전액	명사	경제생활	경제 수단
전역01	명사	개념	지역
전염	명사	삶	병과 증상
전염병	명사	삶	병과 증상
전원02	명사	개념	정도
전율	명사	인간	감각
전자레인지	명사	식생활	조리 도구
전자사전	명사	교육	학습 관련 사물
전직01	명사	사회생활	직업
전철02	명사	사회생활	교통수단
전체	명사	개념	양
전통	명사	문화	전통문화
전통문화	명사	문화	전통문화
전파01	명사	사회생활	통신 행위
전하다	동사	사회생활	사회 활동
전하다	동사	사회생활	사회 활동
전학	명사	교육	교수 학습 행위
전혀	부사	개념	정도
전화	명사	사회생활	소통 수단
전화	명사	사회생활	소통 수단
전화기	명사	주생활	생활용품
전환기	명사	개념	시간
전후	명사	개념	시간
절01	명사	종교	종교 활동 장소
절02	명사	사회생활	사회 활동
절감	명사	경제생활	경제 행위
절다02	동사	인간	신체 행위
절도02	명사	정치와 행정	사법 및 치안 행위
절망	명사	인간	감정
절반	명사	개념	정도
절벽	명사	자연	지형
절실하다	형용사	인간	감정
절약	명사	경제생활	경제 행위
절이다	동사	식생활	식사 및 조리 행위
절전00	명사	경제생활	경제 행위
절제02	명사	인간	인지 행위
절친하다	형용사	사회생활	사회 생활 상태
젊다	형용사	인간	용모
젊은이	명사	인간	사람의 종류
젊음	명사	인간	신체 변화
점01	명사	종교	종교 행위
점령	명사	정치와 행정	정치 및 행정 행위
점수	명사	교육	교수 학습 행위
점심	명사	개념	시간
점심	명사	식생활	식사 및 조리 행위
점심때	명사	개념	시간
점심시간	명사	개념	시간
점원	명사	경제생활	경제 행위 주체
점유율	명사	개념	정도
점잖다	형용사	인간	태도
점점	부사	개념	정도
점치다	동사	종교	종교 행위
점퍼	명사	의생활	옷 종류
점포	명사	경제생활	경제 행위 장소
점프	명사	인간	신체 행위
접다	동사	인간	신체 행위
접대	명사	사회생활	사회 활동
접속	명사	사회생활	통신 행위
접시	명사	식생활	조리 도구
접종	명사	삶	치료 행위
젓가락01	명사	식생활	조리 도구
정02	부사	개념	정도
정04	명사	인간	감정
정감	명사	인간	감정
정거장	명사	사회생활	교통 이용 장소
정겹다	형용사	사회생활	사회 생활 상태
정계	명사	정치와 행정	정치 및 행정 주체
정교하다	형용사	개념	모양
정권	명사	정치와 행정	정치 및 행정 행위
정규직	명사	사회생활	직위
정기01	명사	개념	시간
정년	명사	사회생활	직장 생활
정년퇴직	명사	사회생활	직장 생활
정답	명사	교육	교수 학습 행위
정답다	형용사	사회생활	사회 생활 상태
정당	명사	정치와 행정	정치 및 행정 주체
정도02	명사	개념	정도
정도02	명사	개념	정도
정류장	명사	사회생활	교통 이용 장소
정리	명사	주생활	가사 행위
정리	명사	주생활	가사 행위
정말02/정말01	부사/명사	개념	정도
정말로	부사	개념	정도
정면	명사	개념	위치 및 방향
정문01	명사	교육	학교 시설
정반대	명사	개념	위치 및 방향
정복	명사	정치와 행정	정치 및 행정 행위
정부01	명사	정치와 행정	정치 및 행정 주체
정사각형	명사	개념	모양
정상03	명사	자연	지형
정성	명사	인간	감정
정성껏	부사	인간	태도
정성스럽다	형용사	인간	태도
정세02	동사	정치와 행정	정치 및 치안 상태
정수기	명사	식생활	조리 도구
정신	명사	인간	감각
정신과	명사	삶	치료 시설
정신력	명사	인간	능력
정신없다	형용사	인간	감각
정신없다	형용사	삶	삶의 상태
정신없이	부사	인간	감각
정열	명사	인간	감정
정열적01∙정열적02	관형사∙명사	인간	태도
정오	명사	개념	시간
정원02	명사	주생활	주택 구성
정월	명사	개념	시간
정육점	명사	경제생활	경제 행위 장소
정장	명사	의생활	옷 종류
정중하다	형용사	인간	태도
정직01	명사	인간	태도
정책	명사	정치와 행정	정치 및 행정 행위
정책적01∙정책적02	관형사∙명사	정치와 행정	정치 및 행정 행위
정체기	명사	개념	시간
정치	명사	정치와 행정	정치 및 행정 행위
정치가	명사	정치와 행정	정치 및 행정 주체
정치인	명사	정치와 행정	정치 및 행정 주체
정치적01∙정치적02	관형사∙명사	정치와 행정	정치 및 행정 행위
정치적01∙정치적02	관형사∙명사	정치와 행정	정치 및 행정 행위
정하다02	동사	사회생활	사회 활동
정하다02	동사	사회생활	사회 활동
정형외과	명사	삶	치료 시설
정확	명사	개념	정도
젖	명사	인간	신체 부위
젖히다01	동사	인간	신체 행위
제01	대명사	개념	인칭
제값	명사	경제생활	경제 수단
제과	명사	식생활	식사 및 조리 행위
제과점	명사	경제생활	경제 행위 장소
제때	명사	개념	시간
제멋대로	부사	인간	태도
제법	부사	개념	정도
제비	명사	동식물	동물류
제사	명사	삶	가족 행사
제시간	명사	개념	시간
제안	명사	사회생활	사회 활동
제약02	명사	삶	치료 행위
제의	명사	사회생활	사회 활동
제일03/제일02	부사/명사	개념	정도
제자	명사	교육	교수 학습 주체
제작자	명사	문화	문화 활동 주체
제정	명사	정치와 행정	정치 및 행정 행위
제주도01	명사	개념	지역
제출	명사	교육	교수 학습 행위
조03·조02	수사·관형사	개념	수
조05	명사/의존명사	개념	세는 말
조각02	명사	문화	예술
조각02	명사	문화	예술
조개	명사	식생활	식재료
조국	명사	개념	지역
조그마하다	형용사	개념	모양
조그맣다	형용사	개념	모양
조금02/조금01	부사/명사	개념	양
조금씩	부사	개념	양
조급하다	형용사	인간	성격
조기05	명사	개념	시간
조깅	명사	삶	여가 활동
조끼	명사	의생활	옷 종류
조르다02	동사	사회생활	언어 행위
조리04	명사	식생활	식사 및 조리 행위
조리법	명사	식생활	식사 및 조리 행위
조리사	명사	사회생활	직업
조림01	명사	식생활	음식
조마조마	부사	인간	감정
조만간	부사	개념	시간
조문02	명사	사회생활	사회 활동
조문객	명사	사회생활	인간관계
조미료	명사	식생활	식재료
조부모	명사	삶	친족 관계
조사02	명사	교육	학문 용어
조상	명사	삶	친족 관계
조세	명사	경제생활	경제 수단
조심	명사	인간	태도
조심스럽다	형용사	인간	태도
조심조심	부사	인간	태도
조언	명사	사회생활	언어 행위
조연	명사	문화	문화 활동 주체
조용하다	형용사	주생활	주거 상태
조용하다	형용사	인간	성격
조의	명사	사회생활	사회 활동
조의금	명사	사회생활	사회 활동
조정01	명사	사회생활	사회 활동
조종사	명사	사회생활	직업
조카	명사	삶	친족 관계
조퇴	명사	교육	교수 학습 행위
조합	명사	사회생활	사회 활동
조형미	명사	개념	모양
조화롭다	형용사	개념	모양
조회02	명사	사회생활	통신 행위
-족	접사	인간	사람의 종류
족하다	형용사	인간	감정
존경	명사	사회생활	사회 활동
존댓말	명사	사회생활	언어 행위
존중	명사	사회생활	사회 활동
졸다01	동사	인간	생리 현상
졸리다01	동사	인간	생리 현상
졸업	명사	교육	교수 학습 행위
졸업생	명사	교육	교수 학습 주체
졸업식	명사	사회생활	사회 행사
졸음	명사	인간	생리 현상
졸이다	동사	식생활	식사 및 조리 행위
좀	부사	개념	정도
좁다	형용사	개념	모양
좁다	형용사	개념	모양
종02	명사	개념	세는 말
종교	명사	종교	종교 유형
종사00	명사	경제생활	경제 행위
종사자	명사	경제생활	경제 행위 주체
종아리	명사	인간	신체 부위
종업원	명사	경제생활	경제 행위 주체
종이	명사	교육	학습 관련 사물
종일02/종일01	부사/명사	개념	시간
종종	부사	개념	빈도
종착역	명사	사회생활	교통 이용 장소
좋다	형용사	인간	감정
좋아하다	동사	인간	감정
좌뇌00	명사	인간	신체 부위
좌우	명사	개념	위치 및 방향
좌절	명사	인간	감정
좌측	명사	개념	위치 및 방향
좌회전	명사	개념	위치 및 방향
죄	명사	정치와 행정	사법 및 치안 행위
죄송스럽다	형용사	인간	감정
죄송하다	형용사	인간	감정
죄인	명사	정치와 행정	사법 및 치안 주체
죄책감	명사	인간	감정
주06/주04	의존명사/명사	개념	세는 말
주가	명사	경제생활	경제 수단
주간04/주간05	명사/의존명사	개념	세는 말
주거	명사	주생활	주거 행위
주거지	명사	개념	지역
주고받다	동사	사회생활	사회 활동
주관적01∙주관적02	관형사∙명사	인간	태도
주권	명사	정치와 행정	정치 및 행정 행위
주년	의존명사	개념	세는 말
주다01	동사	사회생활	사회 활동
주다01	동사	사회생활	사회 활동
주다01	동사	사회생활	사회 활동
주로	부사	개념	정도
주류02	명사	식생활	음료
주름	명사	인간	신체 변화
주름	명사	의생활	옷의 부분
주름살	명사	인간	신체 변화
주말	명사	개념	시간
주머니	명사	의생활	옷의 부분
주머니	명사	의생활	옷의 부분
주먹	명사	인간	신체 부위
주무르다	동사	인간	신체에 가하는 행위
주무시다	동사	삶	일상 행위
주문02	명사	경제생활	경제 행위
주민	명사	인간	사람의 종류
주방	명사	식생활	식생활 관련 장소
주범	명사	정치와 행정	사법 및 치안 주체
주변02	명사	개념	위치 및 방향
주부	명사	사회생활	직업
주사01	명사	삶	치료 행위
주스	명사	식생활	음료
주식01	명사	식생활	음식
주식02	명사	경제생활	경제 수단
주어	명사	교육	학문 용어
주역	명사	문화	문화 활동 주체
주연01	명사	문화	문화 활동 주체
주위	명사	개념	위치 및 방향
주위	명사	개념	위치 및 방향
주유소	명사	경제생활	경제 행위 장소
주인	명사	경제생활	경제 행위 주체
주인공	명사	인간	사람의 종류
주일03/주일02	의존명사/명사	개념	세는 말
주장02	명사	사회생활	언어 행위
주저앉다	동사	인간	신체 행위
주전자	명사	식생활	조리 도구
주차	명사	사회생활	교통 이용 행위
주차료	명사	경제생활	경제 수단
주차장	명사	사회생활	교통 이용 장소
주택	명사	주생활	건물 종류
주택가	명사	주생활	주거 지역
주황색	명사	개념	색깔
죽03	명사	식생활	음식
죽다01	동사	삶	삶의 행위
죽음	명사	삶	삶의 행위
준비물	명사	교육	학습 관련 사물
줄기	명사	동식물	식물의 부분
줄넘기	명사	삶	여가 활동
줄다	동사	개념	양
줄다	동사	개념	양
줄다	동사	개념	양
줄다리기	명사	삶	여가 도구
줄어들다	동사	개념	양
줄이다	동사	개념	양
줄이다	동사	개념	양
줄이다	동사	개념	양
중01	명사	종교	종교인
중03	의존명사	개념	시간
중03	의존명사	개념	시간
중간	명사	개념	위치 및 방향
중간	명사	개념	위치 및 방향
중개	명사	사회생활	사회 활동
중개인	명사	사회생활	직업
중고차	명사	사회생활	교통수단
중국	명사	개념	지역
중국어	명사	사회생활	말
중국인00	명사	인간	사람의 종류
중국집	명사	식생활	식생활 관련 장소
중급	명사	개념	정도
중년	명사	삶	삶의 상태
중독	명사	삶	병과 증상
중독	명사	삶	병과 증상
중력	명사	교육	학문 용어
중반	명사	개념	순서
중병00	명사	삶	병과 증상
중부	명사	개념	지역
중세	명사	개념	시간
중소	명사	개념	모양
중소기업	명사	경제생활	경제 행위 주체
중순	명사	개념	시간
중식	명사	식생활	음식
중심	명사	개념	위치 및 방향
중심지	명사	개념	지역
중앙	명사	개념	위치 및 방향
중얼거리다	동사	사회생활	언어 행위
중요	명사	개념	정도
중증	명사	삶	병과 증상
중학교	명사	교육	교육 기관
중학생	명사	교육	교수 학습 주체
중형차	명사	사회생활	교통수단
쥐01	명사	동식물	동물류
즈음	의존명사	개념	시간
즉석	명사	개념	시간
즉시	명사	개념	시간
즐거움	명사	인간	감정
즐거워하다	동사	인간	감정
즐겁다	형용사	인간	감정
즐기다	동사	삶	여가 활동
즐비하다	형용사	개념	모양
즙	명사	식생활	음식
-증01	접사	삶	병과 증상
증가세	명사	경제생활	경제 상태
증거	명사	정치와 행정	사법 및 치안 행위
증권	명사	경제생활	경제 수단
증명	명사	교육	학문 행위
증상	명사	삶	병과 증상
증세01	명사	삶	병과 증상
증오	명사	인간	감정
지각02	명사	교육	교수 학습 행위
지각01	명사	인간	인지 행위
지갑	명사	의생활	모자, 신발, 장신구
지겹다	형용사	인간	감정
지구02	명사	자연	천체
지구력	명사	인간	능력
지구촌	명사	개념	위치 및 방향
지그시	부사	개념	정도
지극하다	형용사	개념	정도
지극히	부사	인간	태도
지금02/지금01	부사/명사	개념	시간
지금02/지금01	부사/명사	개념	시간
지껄이다	동사	사회생활	언어 행위
지나가다	동사	인간	신체 행위
지나다	동사	개념	시간
지나다	동사	개념	시간
지난날	명사	개념	시간
지난달	명사	개념	시간
지난번	명사	개념	시간
지난주	명사	개념	시간
지난해	명사	개념	시간
지내다	동사	삶	삶의 행위
지내다	동사	삶	삶의 행위
지능	명사	인간	능력
지다01	동사	자연	기상 및 기후
지다01	동사	자연	기상 및 기후
지다02	동사	사회생활	사회 활동
지대	명사	자연	지형
지도01	명사	교육	학습 관련 사물
지도자	명사	정치와 행정	정치 및 행정 주체
지독하다	형용사	개념	정도
지르다03	동사	인간	신체 행위
지름	명사	교육	학문 용어
지문02	명사	인간	신체 부위
지방01	명사	개념	지역
지방01	명사	개념	지역
지불	명사	경제생활	경제 행위
지붕	명사	주생활	주택 구성
지사01	명사	경제생활	경제 행위 장소
지성02	명사	인간	능력
지시	명사	사회생활	사회 활동
지식인	명사	인간	사람의 종류
지역	명사	개념	지역
지옥	명사	종교	종교어
지우개	명사	교육	학습 관련 사물
지원01	명사	사회생활	직장 생활
지원금	명사	경제생활	경제 수단
지위	명사	사회생활	직위
지인	명사	사회생활	인간관계
지저분하다	형용사	주생활	주거 상태
지점01	명사	경제생활	경제 행위 장소
지점02	명사	개념	위치 및 방향
지진	명사	자연	재해
지출	명사	경제생활	경제 행위
지치다01	동사	인간	체력 상태
지키다	동사	사회생활	사회 활동
지키다	동사	사회생활	사회 활동
지퍼	명사	의생활	옷의 부분
지폐	명사	경제생활	경제 수단
지하	명사	주생활	주택 구성
지하도	명사	사회생활	교통 이용 장소
지하실	명사	주생활	주택 구성
지하철	명사	사회생활	교통수단
지하철역	명사	사회생활	교통 이용 장소
지형	명사	자연	지형
지혜	명사	인간	능력
지혜롭다	형용사	인간	능력
직무	명사	사회생활	직장 생활
직업	명사	사회생활	직업
직원	명사	사회생활	직위
직위	명사	사회생활	직위
직장	명사	사회생활	직장
직장	명사	사회생활	직장
직장인	명사	사회생활	직업
직전	명사	개념	시간
직종	명사	사회생활	직업
직진	명사	개념	위치 및 방향
직후	명사	개념	시간
진공청소기	명사	주생활	생활용품
진단	명사	삶	치료 행위
진단서	명사	삶	치료 행위
진땀	명사	인간	생리 현상
진료	명사	삶	치료 행위
진술	명사	사회생활	언어 행위
진심	명사	인간	감정
진정01	부사	인간	감정
진정02	명사	인간	감정
진정하다01	형용사	인간	감정
진지01	명사	식생활	음식
진지하다	형용사	인간	태도
진찰	명사	삶	치료 행위
진출	명사	사회생활	사회 활동
진취적01∙진취적02	관형사∙명사	인간	태도
진통제	명사	삶	약품류
진하다	형용사	개념	정도
진하다	형용사	개념	정도
진하다	형용사	개념	정도
진학	명사	교육	교수 학습 행위
진행자	명사	인간	사람의 종류
진흙	명사	자연	지표면 사물
질기다	형용사	개념	성질
질량	명사	교육	학문 용어
질문	명사	사회생활	언어 행위
질병	명사	삶	병과 증상
질서	명사	사회생활	사회 활동
질의	명사	사회생활	언어 행위
질투	명사	인간	감정
질환	명사	삶	병과 증상
짐승	명사	동식물	동물류
짐작	명사	인간	인지 행위
집01	명사	주생활	건물 종류
집값	명사	경제생활	경제 수단
집다	동사	인간	신체 행위
집들이	명사	사회생활	사회 활동
집세	명사	경제생활	경제 수단
집안일	명사	주생활	가사 행위
집중	명사	인간	태도
집중력	명사	인간	능력
집중적01∙집중적02	관형사∙명사	인간	태도
짓밟다	동사	인간	신체 행위
징그럽다	형용사	인간	감정
징역	명사	정치와 행정	사법 및 치안 행위
짖다	동사	동식물	동식물 행위
짙다	형용사	개념	색깔
짚다	동사	인간	신체 행위
짜다03	형용사	식생활	맛
짜릿하다	형용사	인간	감각
짜증	명사	인간	감정
짜증스럽다	형용사	인간	감정
짝01	명사	개념	세는 말
짝사랑	명사	인간	감정
짝수	명사	개념	수
짠맛	명사	식생활	맛
짤막하다	형용사	개념	모양
짧다	형용사	개념	모양
짬뽕	명사	식생활	음식
째려보다	동사	인간	신체 행위
쩔쩔매다	동사	인간	태도
쪼다02	동사	동식물	동식물 행위
쪽05	의존명사	개념	위치 및 방향
쭈그리다	동사	인간	신체 행위
쭉	부사	개념	위치 및 방향
쯧쯧01/쯧쯧02	부사/감탄사	인간	소리
찌개	명사	식생활	음식
찌다01	동사	인간	신체 변화
찌다02	동사	식생활	식사 및 조리 행위
찌들다	동사	삶	삶의 상태
찌르다	동사	인간	신체 행위
찌뿌드드하다	형용사	인간	감각
찌푸리다	동사	자연	기상 및 기후
찌푸리다	동사	인간	신체 행위
찍다02	동사	삶	여가 활동
찜	명사	식생활	음식
찜질	명사	삶	치료 행위
찜질방	명사	삶	여가 시설
찡그리다	동사	인간	신체 행위
찡하다01/찡하다02	동사/형용사	인간	감정
차01	명사	식생활	음료
차02	명사	사회생활	교통수단
차갑다	형용사	개념	온도
차관01	명사	정치와 행정	정치 및 행정 주체
차근차근	부사	인간	태도
차다02	동사	인간	신체 행위
차다03	동사	의생활	의복 착용 행위
차다04	형용사	개념	온도
차도01	명사	사회생활	교통 이용 장소
차량	명사	사회생활	교통수단
차례01	명사	개념	순서
차례02	명사	삶	가족 행사
차로	명사	사회생활	교통 이용 장소
차림	명사	의생활	의복 착용 상태
차림표	명사	식생활	식사 및 조리 행위
차분하다	형용사	인간	성격
차분히	부사	인간	성격
차비	명사	경제생활	경제 수단
차선02	명사	사회생활	교통 이용 장소
차이	명사	개념	정도
차이점	명사	개념	정도
차장01	명사	사회생활	직위
차차	부사	개념	정도
차츰	부사	개념	정도
착각	명사	인간	인지 행위
착륙	명사	사회생활	교통 이용 행위
착실하다	형용사	인간	태도
착오	명사	인간	인지 행위
착용	명사	의생활	의복 착용 행위
착하다	형용사	인간	태도
찬란하다	형용사	개념	밝기
찬물	명사	식생활	음료
찬사	명사	사회생활	언어 행위
찬성	명사	사회생활	사회 활동
참02	부사	개념	정도
참가	명사	사회생활	사회 활동
참기름	명사	식생활	식재료
참맛	명사	식생활	맛
참새	명사	동식물	동물류
참석	명사	사회생활	사회 활동
참석자	명사	인간	사람의 종류
참여	명사	사회생활	사회 활동
참외	명사	식생활	과일
참을성	명사	인간	성격
참치	명사	식생활	식재료
찹쌀	명사	식생활	곡류
창03	명사	주생활	주택 구성
창가01	명사	주생활	주택 구성
창고	명사	주생활	주택 구성
창문	명사	주생활	주택 구성
창백하다	형용사	인간	용모
창업	명사	경제생활	경제 행위
창의력	명사	인간	능력
창의성	명사	인간	능력
창작	명사	문화	문화 활동
창피	명사	인간	감정
찾아가다	동사	사회생활	사회 활동
찾아가다	동사	사회생활	사회 활동
찾아뵙다	동사	사회생활	사회 활동
찾아오다	동사	사회생활	사회 활동
찾아오다	동사	사회생활	사회 활동
채03	의존명사	개념	세는 말
채다03	동사	인간	인지 행위
채소	명사	식생활	채소
채식	명사	식생활	식사 및 조리 행위
채용	명사	사회생활	직장 생활
채팅	명사	사회생활	통신 행위
책	명사	사회생활	매체
책가방	명사	교육	학습 관련 사물
책상	명사	주생활	생활용품
책임	명사	인간	감정
책임감	명사	인간	감정
책임자	명사	인간	사람의 종류
책임지다	동사	사회생활	사회 활동
책장02	명사	주생활	생활용품
챔피언	명사	인간	사람의 종류
처00	명사	정치와 행정	정치 및 행정 주체
처가	명사	삶	친족 관계
처녀	명사	인간	사람의 종류
처마	명사	주생활	주택 구성
처방	명사	삶	치료 행위
처방전	명사	삶	치료 행위
처벌	명사	정치와 행정	사법 및 치안 행위
처음	명사	개념	순서
처지	명사	삶	삶의 상태
처지다	동사	인간	신체 변화
척척02	부사	인간	능력
척추	명사	인간	신체 내부 구성
천01	명사	의생활	옷감
천03/천02	수사/관형사	개념	수
천국	명사	종교	종교어
천둥	명사	자연	기상 및 기후
천막	명사	주생활	건물 종류
천만02‧천만01/천만03	수사‧관형사/명사	개념	수
천사	명사	종교	종교어
천장	명사	주생활	주택 구성
천재01	명사	인간	능력
천주교	명사	종교	종교 유형
천지	명사	자연	천체
천천히	부사	개념	속도
천하다	형용사	삶	삶의 상태
철01	명사	개념	시간
철02	명사	인간	능력
철03	명사	자연	자원
철도	명사	사회생활	교통 이용 장소
철새	명사	동식물	동물류
철저	명사	인간	태도
철학	명사	교육	전공과 교과목
첫	관형사	개념	순서
첫날	명사	개념	순서
첫눈02	명사	자연	기상 및 기후
첫사랑	명사	인간	감정
첫인사	명사	사회생활	언어 행위
첫인상	명사	인간	용모
첫째02‧첫째01/첫째03	수사‧관형사/명사	개념	순서
첫차	명사	사회생활	교통수단
청각	명사	인간	감각
청년	명사	인간	사람의 종류
청바지	명사	의생활	옷 종류
청색	명사	개념	색깔
청소	명사	주생활	가사 행위
청소기	명사	주생활	생활용품
청소년	명사	인간	사람의 종류
청자	명사	사회생활	인간관계
청중	명사	문화	문화 활동 주체
청춘	명사	삶	삶의 상태
청취자	명사	문화	문화 활동 주체
청하다	동사	사회생활	사회 활동
청혼	명사	삶	삶의 행위
체내	명사	인간	신체 부위
체력	명사	인간	능력
체류	명사	주생활	주거 행위
체면	명사	사회생활	사회 활동
체온	명사	개념	온도
체육	명사	교육	전공과 교과목
체육관	명사	삶	여가 시설
체조	명사	삶	여가 활동
체증	명사	삶	병과 증상
체포	명사	정치와 행정	사법 및 치안 행위
체하다02	동사	삶	병과 증상
쳐다보다	동사	인간	신체 행위
초-01	접사	개념	순서
초02	의존명사	개념	시간
초03	의존명사	개념	세는 말
초가을	명사	개념	시간
초겨울	명사	개념	시간
초고속	명사	개념	속도
초급	명사	개념	정도
초기	명사	개념	시간
초대02	명사	사회생활	사회 활동
초대장	명사	사회생활	소통 수단
초등	명사	교육	교육 기관
초등학교	명사	교육	교육 기관
초등학생	명사	교육	교수 학습 주체
초록02	명사	개념	색깔
초록색	명사	개념	색깔
초반	명사	개념	순서
초보자	명사	인간	사람의 종류
초봄	명사	개념	시간
초상01	명사	삶	가족 행사
초순	명사	개념	시간
초승달	명사	자연	천체
초여름	명사	개념	시간
초원	명사	자연	지형
초저녁	명사	개념	시간
초조	명사	인간	감정
초창기	명사	개념	시간
초청	명사	교육	교수 학습 행위
초청장	명사	사회생활	사회 활동
초콜릿	명사	식생활	음식
촉각02	명사	인간	감각
촉촉하다	형용사	인간	감각
촌스럽다	형용사	의생활	의복 착용 상태
총01	명사	정치와 행정	무기
총02	관형사	개념	양
총각	명사	인간	사람의 종류
총리	명사	정치와 행정	정치 및 행정 주체
총액	명사	경제생활	경제 수단
총장	명사	교육	교수 학습 주체
촬영	명사	문화	문화 활동
최고02	명사	개념	정도
최고급	명사	개념	정도
최근	명사	개념	시간
최대	명사	개념	정도
최대한00	부사	개념	정도
최선	명사	인간	태도
최소01	명사	개념	정도
최소한00	부사	개념	정도
최저	명사	개념	정도
최종	명사	개념	순서
최초	명사	개념	순서
최후	명사	개념	순서
추다	동사	삶	여가 활동
추석	명사	개념	시간
추위	명사	자연	기상 및 기후
추천	명사	사회생활	사회 활동
추천서	명사	사회생활	사회 활동
추측	명사	인간	인지 행위
축구02	명사	삶	여가 활동
축구공	명사	삶	여가 도구
축구장	명사	삶	여가 시설
축산물	명사	경제생활	경제 산물
축제	명사	문화	대중문화
축하	명사	사회생활	사회 활동
출구	명사	주생활	주택 구성
출근	명사	사회생활	직장 생활
출근길	명사	사회생활	직장 생활
출금	명사	경제생활	경제 행위
출발	명사	사회생활	교통 이용 행위
출범	명사	정치와 행정	정치 및 행정 행위
출산	명사	삶	삶의 행위
출생	명사	삶	삶의 행위
출석	명사	교육	교수 학습 행위
출입구	명사	주생활	주택 구성
출장	명사	사회생활	직장 생활
출제	명사	교육	교수 학습 행위
출퇴근	명사	사회생활	직장 생활
출판	명사	사회생활	통신 행위
출판사	명사	사회생활	직장
출혈	명사	삶	병과 증상
춤	명사	문화	예술
춤추다	동사	삶	여가 활동
춥다	형용사	자연	기상 및 기후
충격	명사	인간	인지 행위
충고	명사	사회생활	언어 행위
충분하다	형용사	개념	정도
충분히	부사	개념	정도
충실01	명사	인간	태도
충실히02	부사	인간	태도
충족	명사	인간	감정
충치	명사	삶	병과 증상
충혈	명사	삶	병과 증상
취미	명사	삶	여가 활동
취사02	명사	식생활	식사 및 조리 행위
취소	명사	사회생활	사회 활동
취업	명사	사회생활	사회 활동
취업률	명사	경제생활	경제 상태
취재	명사	사회생활	통신 행위
취직	명사	사회생활	직장 생활
취학	명사	교육	교수 학습 행위
취향	명사	인간	태도
층	명사	주생활	주택 구성
치과	명사	삶	치료 시설
치다01	동사	자연	기상 및 기후
치다01	동사	자연	기상 및 기후
치다01	동사	자연	기상 및 기후
치다02	동사	인간	신체 행위
치다02	동사	인간	신체 행위
치다02	동사	삶	여가 활동
치다02	동사	삶	여가 활동
치료	명사	삶	치료 행위
치료법	명사	삶	치료 행위
치마	명사	의생활	옷 종류
치매	명사	삶	병과 증상
치수01	명사	개념	모양
치아	명사	인간	신체 부위
치안	명사	정치와 행정	사법 및 치안 행위
치약	명사	주생활	생활용품
치욕	명사	인간	감정
치우다01	동사	주생활	가사 행위
치우다01	동사	주생활	가사 행위
치유	명사	삶	치료 행위
치즈	명사	식생활	식재료
치켜들다	동사	인간	신체 행위
치킨	명사	식생활	음식
치통	명사	삶	병과 증상
친-	접사	삶	친족 관계
친-	접사	인간	태도
친교	명사	사회생활	사회 활동
친구	명사	사회생활	인간관계
친근감	명사	인간	감정
친근하다	형용사	인간	감정
친딸	명사	삶	친족 관계
친밀	명사	인간	감정
친밀감	명사	인간	감정
친분	명사	사회생활	사회 생활 상태
친숙하다	형용사	인간	감정
친아들	명사	삶	친족 관계
친아버지	명사	삶	친족 관계
친어머니	명사	삶	친족 관계
친언니	명사	삶	친족 관계
친오빠	명사	삶	친족 관계
친절	명사	인간	태도
친족	명사	삶	친족 관계
친지	명사	삶	친족 관계
친척	명사	삶	친족 관계
친척	명사	삶	친족 관계
친하다	형용사	사회생활	인간관계
친화	명사	사회생활	사회 생활 상태
친화력	명사	인간	능력
칠01/칠02	수사/관형사	개념	수
칠십01/칠십02	수사/관형사	개념	수
칠월	명사	개념	시간
칠판	명사	교육	학습 관련 사물
침	명사	인간	생리 현상
침대	명사	주생활	생활용품
침략	명사	정치와 행정	정치 및 행정 행위
침묵	명사	사회생활	언어 행위
침실	명사	주생활	주택 구성
침착	명사	인간	태도
칫솔	명사	주생활	생활용품
칭찬	명사	사회생활	언어 행위
칭하다	동사	사회생활	언어 행위
카드	명사	사회생활	소통 수단
카드	명사	삶	여가 도구
카드	명사	경제생활	경제 수단
카레	명사	식생활	음식
카메라	명사	주생활	생활용품
카페	명사	식생활	식생활 관련 장소
칼	명사	식생활	조리 도구
칼국수	명사	식생활	음식
칼럼	명사	사회생활	매체
캄캄하다	형용사	개념	밝기
캐나다	명사	개념	지역
캐묻다	동사	사회생활	언어 행위
캠퍼스	명사	교육	학교 시설
캠페인	명사	사회생활	사회 활동
커다랗다	형용사	개념	모양
커트	명사	의생활	미용 행위
커튼	명사	주생활	생활용품
커플	명사	사회생활	인간관계
커피	명사	식생활	음료
커피숍	명사	식생활	식생활 관련 장소
컨디션	명사	인간	감정
컴퓨터	명사	주생활	생활용품
컵	명사	식생활	조리 도구
컵	명사	개념	세는 말
케이크	명사	식생활	음식
켜다01	동사	주생활	가사 행위
켜다02	동사	삶	여가 활동
켤레	의존명사	개념	세는 말
코01	명사	인간	신체 부위
코끼리	명사	동식물	동물류
코너	명사	개념	위치 및 방향
코미디	명사	사회생활	매체
코치	명사	사회생활	직업
코트01	명사	의생활	옷 종류
코트02	명사	삶	여가 시설
코피	명사	인간	생리 현상
콘도	명사	주생활	건물 종류
콘서트	명사	문화	대중문화
콜라	명사	식생활	음료
콜록콜록	부사	삶	병과 증상
콧날	명사	인간	신체 부위
콧등	명사	인간	신체 부위
콧물	명사	인간	생리 현상
콩	명사	식생활	곡류
콩나물	명사	식생활	식재료
쾌감	명사	인간	감정
쾌락	명사	인간	감정
쾌적하다	형용사	주생활	주거 상태
쿨쿨	부사	인간	생리 현상
퀴즈	명사	교육	교수 학습 행위
크기	명사	개념	모양
크다01/크다02	형용사/동사	개념	모양
크다01/크다02	형용사/동사	개념	모양
크리스마스	명사	개념	시간
큰길	명사	사회생활	교통 이용 장소
큰돈	명사	경제생활	경제 수단
큰딸	명사	삶	친족 관계
큰소리	명사	사회생활	언어 행위
큰소리치다	동사	사회생활	언어 행위
큰아들	명사	삶	친족 관계
큰아버지	명사	삶	친족 관계
큰어머니	명사	삶	친족 관계
클래식	명사	문화	음악
큼직하다	형용사	개념	모양
키01	명사	개념	모양
키01	명사	개념	모양
키04	명사	주생활	생활용품
키스	명사	인간	신체에 가하는 행위
킬로그램	의존명사	개념	세는 말
킬로미터	의존명사	개념	세는 말
타다02	동사	사회생활	교통 이용 행위
타다02	동사	삶	여가 활동
타다03	동사	식생활	식사 및 조리 행위
타이르다	동사	사회생활	언어 행위
타인	명사	사회생활	인간관계
타협	명사	사회생활	언어 행위
탁구	명사	삶	여가 활동
탁월하다	형용사	인간	능력
탁자	명사	주생활	생활용품
탄산음료	명사	식생활	음료
탄생	명사	삶	삶의 행위
탄수화물	명사	교육	학문 용어
탈02	명사	삶	병과 증상
탈춤	명사	문화	전통문화
탐구	명사	교육	학문 행위
탐색	명사	교육	학문 행위
탑승	명사	사회생활	교통 이용 행위
탑승객	명사	인간	사람의 종류
탕수육	명사	식생활	음식
태국	명사	개념	지역
태권도	명사	삶	여가 활동
태도	명사	인간	태도
태도	명사	인간	태도
태아	명사	인간	사람의 종류
태양	명사	자연	천체
태어나다	동사	삶	삶의 행위
태우다02	동사	사회생활	교통 이용 행위
태풍	명사	자연	재해
택배	명사	사회생활	소통 수단
택시	명사	사회생활	교통수단
탤런트	명사	문화	문화 활동 주체
터01	명사	개념	위치 및 방향
터득	명사	인간	인지 행위
터미널	명사	사회생활	교통 이용 장소
턱01	명사	인간	신체 부위
털	명사	인간	신체 부위
털어놓다	동사	사회생활	언어 행위
털옷	명사	의생활	옷 종류
테니스	명사	삶	여가 활동
테니스장	명사	삶	여가 시설
테스트01	명사	교육	교수 학습 행위
테이블00	명사	주생활	생활용품
텔레비전	명사	주생활	생활용품
토02	명사	개념	시간
토끼	명사	동식물	동물류
토론	명사	사회생활	언어 행위
토마토	명사	식생활	채소
토양	명사	자연	지표면 사물
토요일	명사	개념	시간
토의	명사	사회생활	언어 행위
토지	명사	자연	지형
토하다	동사	삶	병과 증상
톤01	의존명사	개념	세는 말
통06	의존명사	개념	세는 말
통계청00	명사	정치와 행정	정치 및 행정 주체
통로	명사	사회생활	교통 이용 장소
통보	명사	사회생활	언어 행위
통상01	명사	경제생활	경제 행위
통신	명사	사회생활	통신 행위
통역	명사	사회생활	언어 행위
통장	명사	경제생활	경제 수단
통조림	명사	식생활	음식
통증	명사	삶	병과 증상
통치	명사	정치와 행정	정치 및 행정 행위
통통하다	형용사	인간	용모
통학	명사	교육	교수 학습 행위
통행	명사	사회생활	교통 이용 행위
통화01	명사	경제생활	경제 수단
통화02	명사	사회생활	통신 행위
퇴근	명사	사회생활	직장 생활
퇴원	명사	삶	치료 행위
퇴직	명사	사회생활	사회 활동
퇴직금	명사	경제생활	경제 수단
투명	명사	개념	성질
투박하다	형용사	개념	성질
투자	명사	경제생활	경제 행위
투정	명사	사회생활	언어 행위
투철하다	형용사	인간	태도
투표	명사	정치와 행정	정치 및 행정 행위
퉁퉁01	부사	삶	병과 증상
튀기다02	동사	식생활	식사 및 조리 행위
튀김	명사	식생활	음식
트럭	명사	사회생활	교통수단
트로트	명사	문화	음악
트림	명사	인간	생리 현상
트집	명사	사회생활	언어 행위
특강	명사	교육	교수 학습 행위
특기01	명사	인간	능력
특성	명사	인간	능력
튼튼하다	형용사	인간	체력 상태
튼튼히	부사	개념	성질
틈01/틈02	명사/의존명사	개념	시간
틈틈이	부사	개념	빈도
티격태격하다	동사	사회생활	사회 생활 상태
티셔츠	명사	의생활	옷 종류
팀원00	명사	사회생활	직위
팀장	명사	사회생활	직위
파01	명사	식생활	식재료
파견	명사	사회생활	직장 생활
파도	명사	자연	기상 및 기후
파란만장	명사	삶	삶의 상태
파란색	명사	개념	색깔
파랑01	명사	개념	색깔
파랗다	형용사	개념	색깔
파마	명사	의생활	미용 행위
파업	명사	사회생활	직장 생활
파이프	명사	주생활	주택 구성
파출소	명사	정치와 행정	공공 기관
파트너	명사	사회생활	인간관계
파티	명사	사회생활	사회 행사
파하다	동사	교육	교수 학습 행위
판03	명사	개념	세는 말
판결	명사	정치와 행정	사법 및 치안 행위
판단	명사	인간	인지 행위
판매	명사	경제생활	경제 행위
판매량	명사	경제생활	경제 상태
판사	명사	정치와 행정	사법 및 치안 주체
판소리	명사	문화	전통문화
판촉	명사	경제생활	경제 행위
팔01	명사	인간	신체 부위
팔02/팔03	수사/관형사	개념	수
팔꿈치	명사	인간	신체 부위
팔다	동사	경제생활	경제 행위
팔리다	동사	경제생활	경제 행위
팔방미인	명사	인간	능력
팔십01/팔십02	수사/관형사	개념	수
팔아먹다	동사	경제생활	경제 행위
팔월	명사	개념	시간
팔짱	명사	인간	신체 행위
팥	명사	식생활	곡류
패다02	동사	인간	신체에 가하는 행위
패배	명사	사회생활	사회 활동
패션	명사	의생활	옷 종류
패션쇼	명사	문화	문화 활동
패스트푸드	명사	식생활	음식
패자	명사	사회생활	인간관계
팬티	명사	의생활	옷 종류
퍼센트	의존명사	개념	정도
퍽02	부사	개념	정도
페이지	명사	개념	세는 말
펭귄	명사	동식물	동물류
편05	의존명사	개념	세는 말
편견	명사	인간	인지 행위
편두통	명사	삶	병과 증상
편식	명사	식생활	식사 및 조리 행위
편안	명사	인간	감정
편의점	명사	경제생활	경제 행위 장소
편지	명사	사회생활	소통 수단
편찮다	형용사	인간	체력 상태
평01	의존명사	개념	세는 말
평02	명사	사회생활	언어 행위
평가	명사	사회생활	언어 행위
평균	명사	개념	정도
평론	명사	사회생활	언어 행위
평범하다	형용사	인간	용모
평상시	명사	개념	시간
평생	명사	개념	시간
평소	명사	개념	시간
평야	명사	자연	지형
평일	명사	개념	시간
평지	명사	자연	지형
평평하다	형용사	개념	모양
폐01	명사	인간	신체 내부 구성
폐렴	명사	삶	병과 증상
폐장	명사	경제생활	경제 행위
폐활량	명사	인간	체력 상태
포근하다	형용사	자연	기상 및 기후
포기01	명사	개념	세는 말
포도	명사	식생활	과일
포도주	명사	식생활	음료
포장마차	명사	경제생활	경제 행위 장소
포크	명사	식생활	조리 도구
폭	명사	개념	모양
폭격	명사	정치와 행정	정치 및 행정 행위
폭넓다	형용사	개념	모양
폭등	명사	경제생활	경제 상태
폭락	명사	경제생활	경제 상태
폭력	명사	정치와 행정	사법 및 치안 행위
폭력적01∙폭력적02	관형사∙명사	인간	태도
폭로	명사	사회생활	언어 행위
폭설	명사	자연	기상 및 기후
폭식	명사	식생활	식사 및 조리 행위
폭염	명사	자연	기상 및 기후
폭우	명사	자연	기상 및 기후
폭탄	명사	정치와 행정	무기
폭포	명사	자연	지형
폭풍	명사	자연	기상 및 기후
폭행	명사	정치와 행정	사법 및 치안 행위
표기	명사	사회생활	소통 수단
표어	명사	사회생활	소통 수단
표정	명사	인간	용모
표준어	명사	사회생활	말
표현	명사	사회생활	언어 행위
푸근하다	형용사	자연	기상 및 기후
푸념	명사	사회생활	언어 행위
푸다	동사	식생활	식사 및 조리 행위
푸대접	명사	사회생활	사회 활동
푸르다	형용사	개념	색깔
푸른색	명사	개념	색깔
풀01	명사	교육	학습 관련 사물
풀02	명사	동식물	식물류
풀리다	동사	자연	기상 및 기후
품01	명사	인간	신체 부위
풍경	명사	삶	여가 활동
풍경	명사	삶	여가 활동
풍년	명사	경제생활	경제 상태
풍력	명사	자연	자원
풍부하다	형용사	개념	정도
풍요	명사	경제생활	경제 상태
풍요롭다	형용사	경제생활	경제 상태
풍자	명사	사회생활	언어 행위
풍족하다	형용사	경제생활	경제 상태
프라이팬	명사	식생활	조리 도구
프랑스	명사	개념	지역
프로그램	명사	사회생활	매체
프린터	명사	주생활	생활용품
플러그	명사	주생활	생활용품
피01	명사	인간	신체 내부 구성
피고	명사	정치와 행정	사법 및 치안 주체
피고인	명사	정치와 행정	사법 및 치안 주체
피곤	명사	인간	체력 상태
피다	동사	동식물	동식물 행위
피력	명사	사회생활	언어 행위
피로	명사	인간	감각
피로연	명사	삶	가족 행사
피리	명사	삶	여가 도구
피부	명사	인간	신체 부위
피부과	명사	삶	치료 시설
피서	명사	삶	여가 활동
피아노	명사	삶	여가 도구
피자	명사	식생활	음식
피해자	명사	인간	사람의 종류
필기	명사	교육	교수 학습 행위
필통	명사	교육	학습 관련 사물
핏줄	명사	인간	신체 내부 구성
핑계	명사	사회생활	언어 행위
하객	명사	사회생활	인간관계
하교	명사	교육	교수 학습 행위
하나01	수사	개념	수
하나하나01/하나하나02	명사/부사	개념	수
하느님	명사	종교	신앙 대상
하늘	명사	자연	천체
하늘색	명사	개념	색깔
하락	명사	경제생활	경제 상태
하락세	명사	경제생활	경제 상태
하루	명사	개념	시간
하루아침	명사	개념	시간
하루하루01/하루하루02	명사/부사	개념	시간
하류	명사	자연	지형
하반기	명사	개념	시간
하반신	명사	인간	신체 부위
하소연	명사	사회생활	언어 행위
하숙	명사	주생활	주거 형태
하숙비	명사	경제생활	경제 수단
하숙집	명사	주생활	주거 형태
하순	명사	개념	시간
하얀색	명사	개념	색깔
하양	명사	개념	색깔
하얗다	형용사	개념	색깔
하위	명사	개념	위치 및 방향
하인	명사	사회생활	인간관계
하차	명사	사회생활	교통 이용 행위
하천	명사	자연	지형
하체	명사	인간	신체 부위
하품	명사	인간	생리 현상
하하01	부사	인간	소리
학계	명사	교육	전공과 교과목
학과	명사	교육	전공과 교과목
학교	명사	교육	교육 기관
학기	명사	개념	시간
학년	명사	개념	시간
학대	명사	정치와 행정	사법 및 치안 행위
학력02	명사	인간	능력
학문	명사	교육	전공과 교과목
학부모	명사	교육	교수 학습 주체
학비	명사	경제생활	경제 수단
학생	명사	교육	교수 학습 주체
학생증	명사	교육	학습 관련 사물
학술	명사	교육	학문 행위
학습	명사	교육	교수 학습 행위
학식	명사	교육	교수 학습 행위
학업	명사	교육	교수 학습 행위
학용품	명사	교육	학습 관련 사물
학원	명사	교육	교육 기관
학위	명사	교육	교수 학습 행위
학자	명사	교육	교수 학습 주체
학점	명사	교육	교수 학습 행위
한01	관형사	개념	수
한02	명사	인간	감정
한03	명사	개념	정도
한가롭다	형용사	삶	삶의 상태
한가운데	명사	개념	위치 및 방향
한가하다	형용사	삶	삶의 상태
한겨울	명사	개념	시간
한계	명사	개념	정도
한과	명사	식생활	음식
한국	명사	개념	지역
한국말	명사	사회생활	말
한국어	명사	사회생활	말
한국인	명사	인간	사람의 종류
한글	명사	사회생활	소통 수단
한껏	부사	개념	정도
한낮	명사	개념	시간
한데01	명사	개념	위치 및 방향
한도	명사	개념	정도
한동안	명사	개념	시간
한두	관형사	개념	수
한둘	수사	개념	수
한때01/한때02	명사/부사	개념	시간
한마디	명사	사회생활	말
한문	명사	사회생활	소통 수단
한반도	명사	개념	지역
한밤중	명사	개념	시간
한방00	명사	삶	치료 행위
한번	명사	개념	빈도
한복	명사	의생활	옷 종류
한복판	명사	개념	위치 및 방향
한사코	부사	개념	정도
한순간	명사	개념	시간
한숨02	명사	인간	생리 현상
한식03	명사	식생활	음식
한식집	명사	식생활	식생활 관련 장소
한심하다	형용사	인간	능력
한약	명사	삶	치료 행위
한여름	명사	개념	시간
한옥	명사	주생활	건물 종류
한우	명사	식생활	식재료
한의원	명사	삶	치료 시설
한자	명사	사회생활	소통 수단
한잔	명사	식생활	음료
한적하다	형용사	주생활	주거 상태
한정	명사	개념	정도
한쪽	명사	개념	위치 및 방향
한차례	명사	개념	빈도
한참00/한참	부사/명사	개념	시간
한층	부사	개념	정도
한탄	명사	사회생활	언어 행위
한턱	명사	사회생활	사회 활동
한파	명사	자연	기상 및 기후
할머니	명사	삶	친족 관계
할부	명사	경제생활	경제 수단
할아버지	명사	삶	친족 관계
할인	명사	경제생활	경제 행위
할인점	명사	경제생활	경제 행위 장소
할퀴다	동사	인간	신체에 가하는 행위
핥다	동사	인간	신체에 가하는 행위
함께하다	동사	사회생활	사회 활동
함박눈	명사	자연	기상 및 기후
함부로	부사	인간	태도
함성	명사	인간	소리
합격	명사	교육	교수 학습 행위
합격자	명사	인간	사람의 종류
합법적01∙합법적02	관형사∙명사	정치와 행정	정치 및 치안 상태
합의	명사	사회생활	사회 활동
합창	명사	삶	여가 활동
항공	명사	사회생활	교통수단
항공권	명사	사회생활	교통 이용 행위
항공기	명사	사회생활	교통수단
항공료	명사	경제생활	경제 수단
항공사	명사	사회생활	직장
항구	명사	사회생활	교통 이용 장소
항로	명사	사회생활	교통 이용 장소
항문	명사	인간	신체 내부 구성
항상	부사	개념	빈도
항생제	명사	삶	약품류
항아리	명사	주생활	생활용품
항암	명사	삶	치료 행위
항의	명사	사회생활	언어 행위
해01/해02	명사/의존명사	자연	천체
해고	명사	사회생활	직장 생활
해군	명사	정치와 행정	사법 및 치안 주체
해독02	명사	삶	치료 행위
해돋이	명사	자연	기상 및 기후
해마다	부사	개념	시간
해물	명사	식생활	식재료
해박하다	형용사	인간	능력
해변	명사	자연	지형
해산물	명사	식생활	식재료
해상	명사	자연	지형
해설	명사	사회생활	언어 행위
해수욕	명사	삶	여가 활동
해수욕장	명사	삶	여가 시설
해안	명사	자연	지형
해양	명사	자연	지형
해열제	명사	삶	약품류
해외	명사	개념	지역
해외여행	명사	삶	여가 활동
해일	명사	자연	재해
해직	명사	사회생활	직장 생활
핵가족	명사	삶	친족 관계
핵가족화00	명사	사회생활	사회 생활 상태
핸드백	명사	의생활	모자, 신발, 장신구
햄버거	명사	식생활	음식
햅쌀	명사	식생활	곡류
햇곡식	명사	식생활	곡류
햇볕	명사	자연	기상 및 기후
햇빛	명사	자연	천체
햇살	명사	자연	기상 및 기후
행복	명사	인간	감정
행복	명사	인간	감정
행사01	명사	사회생활	사회 활동
행사02	명사	정치와 행정	정치 및 행정 행위
행사장	명사	삶	여가 시설
행인	명사	인간	사람의 종류
행정	명사	정치와 행정	정치 및 행정 행위
행정부	명사	정치와 행정	정치 및 행정 주체
향수	명사	인간	감정
향후	명사	개념	시간
허가	명사	사회생활	사회 활동
허겁지겁	부사	인간	태도
허기	명사	인간	감각
허락	명사	사회생활	사회 활동
허름하다	형용사	주생활	주거 상태
허리	명사	인간	신체 부위
허리띠	명사	의생활	모자, 신발, 장신구
허망	명사	인간	감정
허무	명사	인간	감정
허벅지	명사	인간	신체 부위
허옇다	형용사	개념	색깔
허전하다	형용사	인간	감정
허탈	명사	인간	감정
허파	명사	인간	신체 내부 구성
허허	부사	인간	생리 현상
헌법	명사	정치와 행정	사법 및 치안 행위
헐값	명사	경제생활	경제 상태
헐뜯다	동사	사회생활	언어 행위
헐렁하다	형용사	의생활	의복 착용 상태
험난하다	형용사	삶	삶의 상태
험담	명사	사회생활	언어 행위
험악하다	형용사	인간	용모
헛걸음	명사	인간	신체 행위
헛디디다	동사	인간	신체 행위
헛소문	명사	사회생활	언어 행위
헤어지다	동사	사회생활	사회 활동
헤어지다	동사	사회생활	사회 활동
헤엄치다	동사	인간	신체 행위
해저	명사	자연	지형
헤프다	형용사	인간	태도
헬스클럽	명사	삶	여가 시설
헷갈리다	동사	인간	인지 행위
혀	명사	인간	신체 부위
현	관형사	개념	시간
현관	명사	주생활	주택 구성
현금	명사	경제생활	경제 수단
현금	명사	경제생활	경제 수단
현기증	명사	삶	병과 증상
현대	명사	개념	시간
현대인	명사	인간	사람의 종류
현명하다	형용사	인간	인지 행위
현모양처	명사	사회생활	인간관계
현재02/현재01	부사/명사	개념	시간
현지	명사	개념	지역
현직	명사	사회생활	직위
혈관	명사	인간	신체 내부 구성
혈압	명사	삶	병과 증상
혈액	명사	인간	신체 내부 구성
혈연	명사	삶	친족 관계
혐오	명사	인간	감정
혐의	명사	정치와 행정	사법 및 치안 행위
협동	명사	사회생활	사회 활동
협동심	명사	사회생활	사회 활동
협력	명사	사회생활	사회 활동
협박	명사	사회생활	사회 활동
협상	명사	사회생활	사회 활동
협약	명사	사회생활	사회 활동
협의00	명사	사회생활	사회 활동
협정	명사	경제생활	경제 행위
협조02	명사	사회생활	사회 활동
협조01	명사	사회생활	사회 활동
협회	명사	사회생활	사회 활동
형01	명사	삶	친족 관계
-형01	접사	개념	모양
형광등	명사	주생활	생활용품
형님	명사	삶	친족 관계
형부	명사	삶	친족 관계
형사	명사	정치와 행정	사법 및 치안 주체
형상	명사	개념	모양
형용사	명사	사회생활	말
형용하다	동사	사회생활	언어 행위
형제	명사	삶	친족 관계
형제	명사	삶	친족 관계
혜택	명사	사회생활	사회 활동
-호	접사	사회생활	교통수단
호00/호01	명사/의존명사	개념	세는 말
호04	의존명사	개념	세는 말
호04	의존명사	개념	세는 말
호감	명사	인간	감정
호기심	명사	인간	감정
호두	명사	식생활	과일
호들갑	명사	인간	태도
호랑이	명사	동식물	동물류
호박	명사	식생활	채소
호소	명사	사회생활	언어 행위
호수02	명사	자연	지형
호우	명사	자연	기상 및 기후
호응	명사	사회생활	사회 활동
호의	명사	사회생활	사회 활동
호의적01∙호의적02	관형사∙명사	인간	태도
호전	명사	삶	병과 증상
호젓하다	형용사	주생활	주거 상태
호조00	명사	경제생활	경제 상태
호주머니	명사	의생활	옷의 부분
호출	명사	사회생활	사회 활동
호칭	명사	사회생활	언어 행위
호칭어00	명사	사회생활	언어 행위
호평	명사	사회생활	언어 행위
호프	명사	식생활	식생활 관련 장소
호화	명사	주생활	주거 상태
호황	명사	경제생활	경제 상태
호흡	명사	인간	신체 행위
호흡기	명사	인간	신체 내부 구성
혹은	부사	개념	접속
혹평	명사	사회생활	언어 행위
혼나다	동사	사회생활	사회 활동
혼내다	동사	사회생활	사회 활동
혼동	명사	인간	인지 행위
혼례	명사	삶	가족 행사
혼인	명사	삶	가족 행사
혼잡	명사	개념	모양
혼잣말	명사	사회생활	언어 행위
홀가분하다	형용사	인간	감정
홀수	명사	개념	수
홈런	명사	삶	여가 활동
홍보	명사	사회생활	사회 활동
홍색	명사	개념	색깔
홍수	명사	자연	재해
홍차	명사	식생활	음료
화01	명사	인간	감정
화02	명사	개념	시간
-화03	접사	의생활	모자, 신발, 장신구
화가	명사	문화	문화 활동 주체
화나다	동사	인간	감정
화내다	동사	인간	감정
화려하다	형용사	개념	모양
화법	명사	사회생활	언어 행위
화분	명사	주생활	생활용품
화사하다	형용사	개념	모양
화산	명사	자연	재해
화살	명사	정치와 행정	무기
화상	명사	삶	병과 증상
화요일	명사	개념	시간
화자	명사	사회생활	인간관계
화장01	명사	의생활	미용 행위
화장대	명사	주생활	생활용품
화장실	명사	주생활	주택 구성
화장지	명사	주생활	생활용품
화장품	명사	의생활	미용 행위
화재	명사	자연	재해
화창하다	형용사	자연	기상 및 기후
화초	명사	동식물	식물류
화폐	명사	경제생활	경제 수단
화학	명사	교육	전공과 교과목
화합02	명사	사회생활	사회 활동
화해	명사	사회생활	사회 활동
확고하다	형용사	인간	태도
확률	명사	교육	학문 용어
확신	명사	인간	인지 행위
확인	명사	인간	인지 행위
환갑	명사	삶	가족 행사
환불	명사	경제생활	경제 행위
환승역	명사	사회생활	교통 이용 장소
환영02	명사	사회생활	사회 활동
환영회	명사	사회생활	사회 행사
환율	명사	경제생활	경제 수단
환자	명사	삶	치료 행위
환전	명사	경제생활	경제 행위
환절기	명사	개념	시간
환하다	형용사	개념	밝기
환호	동사	인간	태도
환희	명사	인간	감정
환히	부사	개념	밝기
활	명사	정치와 행정	무기
활기	명사	인간	태도
활기차다00	형용사	인간	체력 상태
활동	명사	사회생활	사회 활동
활동적01∙활동적02	관형사∙명사	인간	성격
활력	명사	인간	체력 상태
활발하다	형용사	인간	성격
활발히	부사	인간	태도
활자	명사	사회생활	소통 수단
황금	명사	자연	자원
황금기	명사	개념	시간
황급히	부사	인간	태도
황당하다	형용사	인간	감정
황량하다	형용사	주생활	주거 상태
황사	명사	자연	기상 및 기후
황색	명사	개념	색깔
황제	명사	정치와 행정	정치 및 행정 주체
황혼	명사	자연	기상 및 기후
황혼	명사	개념	시간
-회	접사	사회생활	사회 행사
회01	의존명사	개념	세는 말
회02	명사	식생활	음식
회갑	명사	삶	가족 행사
회갑연	명사	삶	가족 행사
회견	명사	사회생활	사회 활동
회계	명사	경제생활	경제 행위
회담	명사	사회생활	언어 행위
회복	명사	삶	치료 행위
회복세	명사	경제생활	경제 상태
회비	명사	경제생활	경제 수단
회사	명사	사회생활	직장
회사원	명사	사회생활	직업
회상	명사	인간	인지 행위
회색	명사	개념	색깔
회식	명사	사회생활	사회 활동
회의01	명사	사회생활	직장 생활
회의02	명사	인간	감정
회의실	명사	교육	학교 시설
회의적01∙회의적02	관형사∙명사	인간	감정
회장01	명사	사회생활	직위
회화01	명사	사회생활	언어 행위
횟수	명사	개념	빈도
횡단	명사	사회생활	교통 이용 행위
횡단보도	명사	사회생활	교통 이용 장소
횡설수설	명사	사회생활	언어 행위
효	명사	사회생활	사회 활동
효녀	명사	사회생활	인간관계
효도	명사	사회생활	사회 활동
효용	명사	경제생활	경제 상태
효율	명사	경제생활	경제 상태
효자	명사	사회생활	인간관계
후02	명사	개념	
후각	명사	인간	감각
후기02	명사	개념	시간
후련하다	형용사	인간	감정
후반	명사	개념	순서
후반부	명사	개념	순서
후배	명사	사회생활	인간관계
후보자	명사	정치와 행정	정치 및 행정 주체
후손	명사	삶	친족 관계
후식	명사	식생활	음식
후원01	명사	사회생활	사회 활동
후원자	명사	정치와 행정	정치 및 행정 주체
후유증	명사	삶	병과 증상
후일	명사	개념	시간
후임	명사	사회생활	직위
후자	명사	개념	순서
후진	명사	사회생활	교통 이용 행위
후추	명사	식생활	식재료
후퇴	명사	정치와 행정	정치 및 행정 행위
후하다	형용사	인간	태도
후회	명사	인간	감정
후회스럽다	형용사	인간	감정
훈련	명사	교육	교수 학습 행위
훈훈하다	형용사	개념	온도
훌륭하다	형용사	인간	능력
훑어보다	동사	인간	신체 행위
훗날	명사	개념	시간
훤하다	형용사	개념	밝기
훤히	부사	개념	밝기
훨씬	부사	개념	정도
훨훨	부사	동식물	동식물 행위
휘두르다	동사	인간	신체 행위
휘발유	명사	자연	자원
휴가	명사	삶	여가 활동
휴가철	명사	삶	여가 활동
휴게소	명사	사회생활	교통 이용 장소
휴대폰	명사	사회생활	소통 수단
휴무	명사	경제생활	경제 행위
휴양지	명사	삶	여가 시설
휴일	명사	삶	여가 활동
휴전	명사	정치와 행정	정치 및 행정 행위
휴지	명사	주생활	생활용품
휴지통	명사	주생활	생활용품
휴직	명사	사회생활	직장 생활
휴학	명사	교육	교수 학습 행위
흉하다	형용사	개념	모양
흐느끼다	동사	인간	신체 행위
흐르다	동사	개념	시간
흐리다02	형용사	자연	기상 및 기후
흐릿하다	형용사	개념	색깔
흐릿하다	형용사	자연	기상 및 기후
흐뭇하다	형용사	인간	감정
흐트러지다	동사	개념	모양
흑백	명사	개념	색깔
흑색	명사	개념	색깔
흑자	명사	경제생활	경제 상태
흔들다	동사	인간	신체 행위
흔하다	형용사	개념	정도
흔히	부사	개념	정도
흘기다	동사	인간	신체 행위
흙	명사	자연	지표면 사물
흥01	명사	인간	감정
흥겹다	형용사	인간	감정
흥미	명사	인간	태도
흥미롭다	형용사	인간	감정
흥분	명사	인간	감정
희다00	형용사	개념	색깔
희로애락	명사	인간	감정
희망	명사	인간	감정
희미하다	형용사	개념	밝기
희생	명사	사회생활	사회 활동
희소식	명사	사회생활	언어 행위
흰색	명사	개념	색깔
힐끔거리다	동사	인간	신체 행위
힘	명사	인간	체력 상태
힘	명사	인간	체력 상태
힘겹다	형용사	삶	삶의 상태
힘껏	부사	인간	태도
힘들다	형용사	인간	능력
힘들다	형용사	인간	능력
힘없다	형용사	인간	체력 상태
힘없이	부사	인간	체력 상태
